DCODE;CHAIR;WDATE;BEGHOUR;BEGMIN;ENDHOUR;ENDMIN;SHINTERV;CASHID
10000629;10000256;2021-06-21 00:00:00.000;9;0;17;0;30;10000002
10000629;10000256;2021-06-28 00:00:00.000;9;0;17;0;30;10000002
10000629;10000256;2021-06-23 00:00:00.000;9;0;17;0;30;10000002
10000629;10000256;2021-06-30 00:00:00.000;9;0;17;0;30;10000002
10000629;10000256;2021-06-18 00:00:00.000;9;0;17;0;30;10000002
10000629;10000256;2021-06-25 00:00:00.000;9;0;17;0;30;10000002
10000629;10000256;2021-06-22 00:00:00.000;11;0;19;0;30;10000002
10000629;10000256;2021-06-29 00:00:00.000;11;0;19;0;30;10000002
10000629;10000256;2021-06-17 00:00:00.000;11;0;19;0;30;10000002
10000629;10000256;2021-06-24 00:00:00.000;11;0;19;0;30;10000002
10000202;10000266;2021-06-21 00:00:00.000;10;0;12;0;30;10000002
10000202;10000266;2021-06-28 00:00:00.000;10;0;12;0;30;10000002
10000202;10000266;2021-06-22 00:00:00.000;10;0;12;0;30;10000002
10000202;10000266;2021-06-29 00:00:00.000;10;0;12;0;30;10000002
10000202;10000266;2021-06-23 00:00:00.000;10;0;12;0;30;10000002
10000202;10000266;2021-06-30 00:00:00.000;10;0;12;0;30;10000002
10000202;10000266;2021-06-17 00:00:00.000;10;0;12;0;30;10000002
10000202;10000266;2021-06-24 00:00:00.000;10;0;12;0;30;10000002
10000202;10000266;2021-06-18 00:00:00.000;10;0;12;0;30;10000002
10000202;10000266;2021-06-25 00:00:00.000;10;0;12;0;30;10000002
10000205;10000262;2021-06-18 00:00:00.000;14;0;15;0;30;10000002
10000205;10000262;2021-06-25 00:00:00.000;14;0;15;0;30;10000002
10000205;10000262;2021-06-21 00:00:00.000;11;0;12;0;30;10000002
10000205;10000262;2021-06-28 00:00:00.000;11;0;12;0;30;10000002
10000633;10000264;2021-06-21 00:00:00.000;9;0;13;0;30;10000002
10000633;10000264;2021-06-28 00:00:00.000;9;0;13;0;30;10000002
10000633;10000264;2021-06-23 00:00:00.000;9;0;13;0;30;10000002
10000633;10000264;2021-06-30 00:00:00.000;9;0;13;0;30;10000002
10000633;10000264;2021-06-18 00:00:00.000;9;0;13;0;30;10000002
10000633;10000264;2021-06-25 00:00:00.000;9;0;13;0;30;10000002
10000633;10000264;2021-06-22 00:00:00.000;14;0;19;0;30;10000002
10000633;10000264;2021-06-29 00:00:00.000;14;0;19;0;30;10000002
10000633;10000264;2021-06-17 00:00:00.000;14;0;19;0;30;10000002
10000633;10000264;2021-06-24 00:00:00.000;14;0;19;0;30;10000002
10000433;10000256;2021-06-21 00:00:00.000;14;0;16;0;30;10000002
10000433;10000256;2021-06-28 00:00:00.000;14;0;16;0;30;10000002
10000433;10000256;2021-06-22 00:00:00.000;14;0;16;0;30;10000002
10000433;10000256;2021-06-29 00:00:00.000;14;0;16;0;30;10000002
10000433;10000256;2021-06-23 00:00:00.000;14;0;16;0;30;10000002
10000433;10000256;2021-06-30 00:00:00.000;14;0;16;0;30;10000002
10000433;10000256;2021-06-17 00:00:00.000;14;0;16;0;30;10000002
10000433;10000256;2021-06-24 00:00:00.000;14;0;16;0;30;10000002
10000433;10000256;2021-06-18 00:00:00.000;14;0;16;0;30;10000002
10000433;10000256;2021-06-25 00:00:00.000;14;0;16;0;30;10000002
10000245;10000260;2021-06-22 00:00:00.000;14;0;19;0;30;10000002
10000245;10000260;2021-06-29 00:00:00.000;14;0;19;0;30;10000002
10001713;10000262;2021-06-22 00:00:00.000;15;0;17;0;30;10000002
10001713;10000262;2021-06-29 00:00:00.000;15;0;17;0;30;10000002
10001713;10000262;2021-06-17 00:00:00.000;15;0;17;0;30;10000002
10001713;10000262;2021-06-24 00:00:00.000;15;0;17;0;30;10000002
10000143;10000258;2021-06-22 00:00:00.000;15;0;17;0;30;10000002
10000143;10000258;2021-06-29 00:00:00.000;15;0;17;0;30;10000002
10000143;10000258;2021-06-23 00:00:00.000;15;0;17;0;30;10000002
10000143;10000258;2021-06-30 00:00:00.000;15;0;17;0;30;10000002
10000143;10000258;2021-06-17 00:00:00.000;15;0;17;0;30;10000002
10000143;10000258;2021-06-24 00:00:00.000;15;0;17;0;30;10000002
10001724;10000258;2021-06-22 00:00:00.000;17;0;19;0;30;10000002
10001724;10000258;2021-06-29 00:00:00.000;17;0;19;0;30;10000002
10001724;10000258;2021-06-17 00:00:00.000;17;0;19;0;30;10000002
10001724;10000258;2021-06-24 00:00:00.000;17;0;19;0;30;10000002
10000278;10000266;2021-06-21 00:00:00.000;13;0;15;0;30;10000002
10000278;10000266;2021-06-28 00:00:00.000;13;0;15;0;30;10000002
10000278;10000266;2021-06-22 00:00:00.000;17;0;19;0;30;10000002
10000278;10000266;2021-06-29 00:00:00.000;17;0;19;0;30;10000002
10000278;10000266;2021-06-17 00:00:00.000;17;0;19;0;30;10000002
10000278;10000266;2021-06-24 00:00:00.000;17;0;19;0;30;10000002
10000278;10000266;2021-06-18 00:00:00.000;13;0;15;0;30;10000002
10000278;10000266;2021-06-25 00:00:00.000;10;0;12;0;30;10000002
10000185;10000187;2021-06-23 00:00:00.000;8;0;14;0;30;1
10000185;10000187;2021-06-30 00:00:00.000;8;0;14;0;30;1
10000185;10000187;2021-06-28 00:00:00.000;8;0;14;0;30;1
10000185;10000187;2021-06-17 00:00:00.000;14;30;20;0;30;1
10000185;10000187;2021-06-22 00:00:00.000;14;30;20;0;30;1
10000185;10000187;2021-06-24 00:00:00.000;14;30;20;0;30;1
10000185;10000187;2021-06-29 00:00:00.000;14;30;20;0;30;1
10000185;10000187;2021-06-26 00:00:00.000;9;0;15;0;30;1
10000185;10000187;2021-06-19 00:00:00.000;9;0;15;0;30;1
10001638;10000193;2021-06-17 00:00:00.000;9;0;15;0;30;1
10001638;10000193;2021-06-21 00:00:00.000;9;0;16;30;30;1
10001638;10000193;2021-06-24 00:00:00.000;9;0;11;30;30;1
10001638;10000193;2021-06-28 00:00:00.000;9;0;10;30;30;1
10000021;10000148;2021-06-17 00:00:00.000;8;0;14;30;30;1
10000021;10000148;2021-06-18 00:00:00.000;8;0;14;30;30;1
10000021;10000148;2021-06-22 00:00:00.000;8;0;14;30;30;1
10000021;10000148;2021-06-23 00:00:00.000;8;0;14;30;30;1
10000021;10000148;2021-06-24 00:00:00.000;8;0;14;30;30;1
10000021;10000148;2021-06-21 00:00:00.000;8;0;14;30;30;1
10000021;10000148;2021-06-28 00:00:00.000;8;0;14;30;30;1
10000021;10000148;2021-06-29 00:00:00.000;8;0;14;30;30;1
10000021;10000148;2021-06-30 00:00:00.000;8;0;14;30;30;1
10000380;10000239;2021-06-19 00:00:00.000;9;0;16;0;30;10000001
10000380;10000239;2021-06-26 00:00:00.000;9;0;16;0;30;10000001
10001620;10000247;2021-06-19 00:00:00.000;9;0;16;0;30;10000001
10001620;10000247;2021-06-26 00:00:00.000;9;0;16;0;30;10000001
10001464;10000156;2021-06-17 00:00:00.000;15;0;21;0;30;1
10001464;10000156;2021-06-24 00:00:00.000;15;0;21;0;30;1
10001464;10000156;2021-06-28 00:00:00.000;15;0;21;0;30;1
10001464;10000156;2021-06-21 00:00:00.000;15;0;21;0;30;1
10001464;10000235;2021-06-22 00:00:00.000;10;0;15;0;30;10000001
10001464;10000231;2021-06-18 00:00:00.000;10;0;15;0;30;10000001
10001464;10000231;2021-06-25 00:00:00.000;10;0;15;0;30;10000001
10000721;10000229;2021-06-17 00:00:00.000;15;30;21;0;30;1
10000721;10000229;2021-06-22 00:00:00.000;15;30;21;0;30;1
10000721;10000229;2021-06-24 00:00:00.000;15;30;21;0;30;1
10000721;10000229;2021-06-29 00:00:00.000;15;30;21;0;30;1
10001604;-1;2021-06-17 00:00:00.000;0;0;0;0;;
10001604;-1;2021-06-19 00:00:00.000;0;0;0;0;;
10001604;-1;2021-06-20 00:00:00.000;0;0;0;0;;
10001604;-1;2021-06-18 00:00:00.000;0;0;0;0;;
10001604;-1;2021-06-21 00:00:00.000;0;0;0;0;;
10001604;-1;2021-06-22 00:00:00.000;0;0;0;0;;
10001604;-1;2021-06-23 00:00:00.000;0;0;0;0;;
10001604;-1;2021-06-24 00:00:00.000;0;0;0;0;;
10001604;-1;2021-06-25 00:00:00.000;0;0;0;0;;
10001604;-1;2021-06-26 00:00:00.000;0;0;0;0;;
10001604;-1;2021-06-27 00:00:00.000;0;0;0;0;;
10001604;-1;2021-06-28 00:00:00.000;0;0;0;0;;
10001604;-1;2021-06-29 00:00:00.000;0;0;0;0;;
10001604;-1;2021-06-30 00:00:00.000;0;0;0;0;;
10000321;10000147;2021-06-19 00:00:00.000;9;0;16;0;30;1
10000321;10000147;2021-06-26 00:00:00.000;9;0;16;0;30;1
10000321;10000147;2021-06-17 00:00:00.000;14;30;21;0;30;1
10000321;10000147;2021-06-18 00:00:00.000;14;30;21;0;30;1
10000321;10000147;2021-06-22 00:00:00.000;14;30;21;0;30;1
10000321;10000147;2021-06-23 00:00:00.000;14;30;21;0;30;1
10000321;10000147;2021-06-24 00:00:00.000;14;30;21;0;30;1
10000321;10000147;2021-06-25 00:00:00.000;14;30;21;0;30;1
10000321;10000147;2021-06-29 00:00:00.000;15;0;21;0;30;1
10000321;10000147;2021-06-30 00:00:00.000;15;0;21;0;30;1
10001731;10000199;2021-06-17 00:00:00.000;14;30;21;0;20;1
10001731;10000199;2021-06-18 00:00:00.000;14;30;21;0;20;1
10001731;10000199;2021-06-21 00:00:00.000;14;30;21;0;20;1
10001731;10000199;2021-06-22 00:00:00.000;14;30;21;0;20;1
10001731;10000199;2021-06-23 00:00:00.000;14;30;21;0;20;1
10001731;10000199;2021-06-24 00:00:00.000;14;30;21;0;20;1
10001731;10000199;2021-06-25 00:00:00.000;14;30;21;0;20;1
10001731;10000199;2021-06-28 00:00:00.000;14;30;21;0;20;1
10001731;10000199;2021-06-29 00:00:00.000;14;30;21;0;20;1
10001731;10000199;2021-06-30 00:00:00.000;14;30;21;0;20;1
-1;10031721;2021-06-17 00:00:00.000;9;0;15;0;30;1
-1;10031721;2021-06-18 00:00:00.000;9;0;15;0;30;1
-1;10031721;2021-06-19 00:00:00.000;9;0;15;0;30;1
-1;10031721;2021-06-21 00:00:00.000;9;0;15;0;30;1
-1;10031721;2021-06-22 00:00:00.000;9;0;15;0;30;1
-1;10031721;2021-06-23 00:00:00.000;9;0;15;0;30;1
-1;10031721;2021-06-24 00:00:00.000;9;0;15;0;30;1
-1;10031721;2021-06-25 00:00:00.000;9;0;15;0;30;1
-1;10031721;2021-06-26 00:00:00.000;9;0;15;0;30;1
-1;10031721;2021-06-28 00:00:00.000;9;0;15;0;30;1
-1;10031721;2021-06-29 00:00:00.000;9;0;15;0;30;1
-1;10031721;2021-06-30 00:00:00.000;9;0;15;0;30;1
10000252;10000152;2021-06-17 00:00:00.000;10;0;16;0;30;1
10000252;10000152;2021-06-18 00:00:00.000;10;0;16;0;30;1
10000639;10000239;2021-06-18 00:00:00.000;15;0;20;0;30;10000001
10000639;10000239;2021-06-17 00:00:00.000;8;0;14;0;30;10000001
10000639;10000152;2021-06-24 00:00:00.000;8;0;15;0;30;1
10001418;10000252;2021-06-21 00:00:00.000;15;0;21;0;30;10000001
10001418;10000252;2021-06-28 00:00:00.000;15;0;21;0;30;10000001
10001418;10000150;2021-06-18 00:00:00.000;8;0;15;0;30;1
10001418;10000150;2021-06-22 00:00:00.000;8;0;15;0;30;1
10001418;10000150;2021-06-25 00:00:00.000;8;0;15;0;30;1
10001418;10000150;2021-06-29 00:00:00.000;8;0;15;0;30;1
10001418;10000150;2021-06-23 00:00:00.000;15;0;21;0;30;1
10001418;10000150;2021-06-30 00:00:00.000;15;0;21;0;30;1
10001418;10000252;2021-06-17 00:00:00.000;8;30;15;0;30;10000001
10001418;10000252;2021-06-24 00:00:00.000;8;30;15;0;30;10000001
10000245;10000260;2021-06-17 00:00:00.000;14;0;19;0;30;10000002
10000245;10000260;2021-06-24 00:00:00.000;14;0;19;0;30;10000002
-1;10005331;2021-06-18 00:00:00.000;8;0;21;0;30;1
-1;10005331;2021-06-17 00:00:00.000;8;0;21;0;30;1
-1;10005331;2021-06-21 00:00:00.000;8;0;21;0;30;1
-1;10005331;2021-06-22 00:00:00.000;8;0;21;0;30;1
-1;10005331;2021-06-23 00:00:00.000;8;0;21;0;30;1
-1;10005331;2021-06-24 00:00:00.000;8;0;21;0;30;1
-1;10005331;2021-06-25 00:00:00.000;8;0;21;0;30;1
-1;10005331;2021-06-30 00:00:00.000;8;0;21;0;30;1
-1;10005331;2021-06-29 00:00:00.000;8;0;21;0;30;1
-1;10005331;2021-06-28 00:00:00.000;8;0;21;0;30;1
-1;10005331;2021-06-19 00:00:00.000;9;0;16;0;20;1
-1;10005331;2021-06-26 00:00:00.000;9;0;16;0;20;1
-1;10003165;2021-06-18 00:00:00.000;8;0;21;0;30;1
-1;10003165;2021-06-17 00:00:00.000;8;0;21;0;30;1
-1;10003165;2021-06-21 00:00:00.000;8;0;21;0;30;1
-1;10003165;2021-06-22 00:00:00.000;8;0;21;0;30;1
-1;10003165;2021-06-23 00:00:00.000;8;0;21;0;30;1
-1;10003165;2021-06-24 00:00:00.000;8;0;21;0;30;1
-1;10003165;2021-06-25 00:00:00.000;8;0;21;0;30;1
-1;10003165;2021-06-30 00:00:00.000;8;0;21;0;30;1
-1;10003165;2021-06-29 00:00:00.000;8;0;21;0;30;1
-1;10003165;2021-06-28 00:00:00.000;8;0;21;0;30;1
-1;10003165;2021-06-19 00:00:00.000;9;0;16;0;20;1
-1;10003165;2021-06-26 00:00:00.000;9;0;16;0;20;1
-1;10033674;2021-06-17 00:00:00.000;8;0;20;0;30;1
-1;10033674;2021-06-18 00:00:00.000;8;0;20;0;30;1
-1;10033674;2021-06-25 00:00:00.000;8;0;20;0;30;1
-1;10033674;2021-06-24 00:00:00.000;8;0;20;0;30;1
-1;10033674;2021-06-23 00:00:00.000;8;0;20;0;30;1
-1;10033674;2021-06-22 00:00:00.000;8;0;20;0;30;1
-1;10033674;2021-06-21 00:00:00.000;8;0;20;0;30;1
-1;10033674;2021-06-28 00:00:00.000;8;0;20;0;30;1
-1;10033674;2021-06-29 00:00:00.000;8;0;20;0;30;1
-1;10033674;2021-06-30 00:00:00.000;8;0;20;0;30;1
-1;10033674;2021-06-19 00:00:00.000;9;0;16;0;20;1
-1;10033674;2021-06-26 00:00:00.000;9;0;16;0;20;1
-1;10033675;2021-06-18 00:00:00.000;8;0;20;0;30;1
-1;10033675;2021-06-17 00:00:00.000;8;0;20;0;30;1
-1;10033675;2021-06-21 00:00:00.000;8;0;20;0;30;1
-1;10033675;2021-06-22 00:00:00.000;8;0;20;0;30;1
-1;10033675;2021-06-23 00:00:00.000;8;0;20;0;30;1
-1;10033675;2021-06-24 00:00:00.000;8;0;20;0;30;1
-1;10033675;2021-06-25 00:00:00.000;8;0;20;0;30;1
-1;10033675;2021-06-30 00:00:00.000;8;0;20;0;30;1
-1;10033675;2021-06-29 00:00:00.000;8;0;20;0;30;1
-1;10033675;2021-06-28 00:00:00.000;8;0;20;0;30;1
-1;10033675;2021-06-19 00:00:00.000;9;0;16;0;20;1
-1;10033675;2021-06-26 00:00:00.000;9;0;16;0;20;1
-1;10003811;2021-06-18 00:00:00.000;8;0;21;0;30;1
-1;10003811;2021-06-17 00:00:00.000;8;0;21;0;30;1
-1;10003811;2021-06-21 00:00:00.000;8;0;21;0;30;1
-1;10003811;2021-06-22 00:00:00.000;8;0;21;0;30;1
-1;10003811;2021-06-23 00:00:00.000;8;0;21;0;30;1
-1;10003811;2021-06-24 00:00:00.000;8;0;21;0;30;1
-1;10003811;2021-06-25 00:00:00.000;8;0;21;0;30;1
-1;10003811;2021-06-30 00:00:00.000;8;0;21;0;30;1
-1;10003811;2021-06-29 00:00:00.000;8;0;21;0;30;1
-1;10003811;2021-06-28 00:00:00.000;8;0;21;0;30;1
-1;10025037;2021-06-17 00:00:00.000;8;0;15;0;30;1
-1;10025037;2021-06-18 00:00:00.000;8;0;15;0;30;1
-1;10025037;2021-06-25 00:00:00.000;8;0;15;0;30;1
-1;10025037;2021-06-24 00:00:00.000;8;0;15;0;30;1
-1;10025037;2021-06-23 00:00:00.000;8;0;15;0;30;1
-1;10025037;2021-06-30 00:00:00.000;8;0;15;0;30;1
-1;10025037;2021-06-29 00:00:00.000;8;0;15;0;30;1
-1;10025037;2021-06-22 00:00:00.000;8;0;15;0;30;1
-1;10025037;2021-06-21 00:00:00.000;8;0;15;0;30;1
-1;10025037;2021-06-28 00:00:00.000;8;0;15;0;30;1
-1;10031723;2021-06-17 00:00:00.000;9;0;15;0;30;10000001
-1;10031723;2021-06-18 00:00:00.000;9;0;15;0;30;10000001
-1;10031723;2021-06-19 00:00:00.000;9;0;15;0;30;10000001
-1;10031723;2021-06-26 00:00:00.000;9;0;15;0;30;10000001
-1;10031723;2021-06-25 00:00:00.000;9;0;15;0;30;10000001
-1;10031723;2021-06-24 00:00:00.000;9;0;15;0;30;10000001
-1;10031723;2021-06-22 00:00:00.000;9;0;15;0;30;10000001
-1;10031723;2021-06-21 00:00:00.000;9;0;15;0;30;10000001
-1;10031723;2021-06-28 00:00:00.000;9;0;15;0;30;10000001
-1;10031723;2021-06-29 00:00:00.000;9;0;15;0;30;10000001
-1;10003166;2021-06-18 00:00:00.000;8;0;21;0;20;10000001
-1;10003166;2021-06-25 00:00:00.000;8;0;21;0;20;10000001
-1;10003166;2021-06-24 00:00:00.000;8;0;15;0;20;10000001
-1;10003166;2021-06-17 00:00:00.000;8;0;21;0;20;10000001
-1;10003166;2021-06-23 00:00:00.000;15;0;21;0;20;10000001
-1;10003166;2021-06-30 00:00:00.000;15;0;21;0;20;10000001
-1;10003166;2021-06-29 00:00:00.000;8;0;15;0;20;10000001
-1;10003166;2021-06-22 00:00:00.000;8;0;15;0;20;10000001
-1;10003166;2021-06-21 00:00:00.000;8;0;21;0;20;10000001
-1;10003166;2021-06-28 00:00:00.000;8;0;21;0;20;10000001
-1;10003166;2021-06-19 00:00:00.000;9;0;16;0;20;10000001
-1;10003166;2021-06-26 00:00:00.000;9;0;16;0;20;10000001
-1;10009526;2021-06-18 00:00:00.000;8;0;21;0;20;10000001
-1;10009526;2021-06-17 00:00:00.000;8;0;15;0;20;10000001
-1;10009526;2021-06-21 00:00:00.000;8;0;21;0;20;10000001
-1;10009526;2021-06-22 00:00:00.000;8;0;15;0;20;10000001
-1;10009526;2021-06-23 00:00:00.000;15;0;21;0;20;10000001
-1;10009526;2021-06-24 00:00:00.000;8;0;15;0;20;10000001
-1;10009526;2021-06-25 00:00:00.000;8;0;21;0;20;10000001
-1;10009526;2021-06-30 00:00:00.000;15;0;21;0;20;10000001
-1;10009526;2021-06-29 00:00:00.000;8;0;15;0;20;10000001
-1;10009526;2021-06-28 00:00:00.000;8;0;21;0;20;10000001
-1;10009526;2021-06-19 00:00:00.000;9;0;16;0;20;10000001
-1;10009526;2021-06-26 00:00:00.000;9;0;16;0;20;10000001
10001687;-1;2021-06-17 00:00:00.000;0;0;0;0;;
10001687;-1;2021-06-18 00:00:00.000;0;0;0;0;;
10001687;-1;2021-06-19 00:00:00.000;0;0;0;0;;
10001687;-1;2021-06-20 00:00:00.000;0;0;0;0;;
10001687;-1;2021-06-21 00:00:00.000;0;0;0;0;;
10001687;-1;2021-06-22 00:00:00.000;0;0;0;0;;
10001687;-1;2021-06-23 00:00:00.000;0;0;0;0;;
10001687;-1;2021-06-24 00:00:00.000;0;0;0;0;;
10001687;-1;2021-06-25 00:00:00.000;0;0;0;0;;
10001687;-1;2021-06-26 00:00:00.000;0;0;0;0;;
10001687;-1;2021-06-27 00:00:00.000;0;0;0;0;;
10001687;-1;2021-06-28 00:00:00.000;0;0;0;0;;
10001687;10000168;2021-06-29 00:00:00.000;17;0;17;30;30;1
10000421;10000235;2021-06-21 00:00:00.000;15;0;21;0;30;10000001
10000421;10000235;2021-06-28 00:00:00.000;15;0;21;0;30;10000001
10000421;10000203;2021-06-22 00:00:00.000;15;0;21;0;30;1
10000421;10000203;2021-06-29 00:00:00.000;15;0;21;0;30;1
10000421;10000235;2021-06-23 00:00:00.000;15;0;21;0;30;10000001
10000421;10000235;2021-06-30 00:00:00.000;15;0;21;0;30;10000001
10000421;10000203;2021-06-25 00:00:00.000;15;0;21;0;30;1
10000421;10000235;2021-06-26 00:00:00.000;10;0;16;0;30;10000001
10000421;-1;2021-07-01 00:00:00.000;0;0;0;0;;
10000421;-1;2021-07-02 00:00:00.000;0;0;0;0;;
10000421;-1;2021-07-03 00:00:00.000;0;0;0;0;;
10000421;-1;2021-07-04 00:00:00.000;0;0;0;0;;
10000421;-1;2021-07-11 00:00:00.000;0;0;0;0;;
10000421;-1;2021-07-10 00:00:00.000;0;0;0;0;;
10000421;-1;2021-07-09 00:00:00.000;0;0;0;0;;
10000421;-1;2021-07-08 00:00:00.000;0;0;0;0;;
10000421;-1;2021-07-07 00:00:00.000;0;0;0;0;;
10000421;-1;2021-07-06 00:00:00.000;0;0;0;0;;
10000421;-1;2021-07-05 00:00:00.000;0;0;0;0;;
10001575;10000154;2021-06-22 00:00:00.000;16;0;21;0;60;1
10001575;10000154;2021-06-29 00:00:00.000;19;0;21;0;60;1
10001575;10000154;2021-06-19 00:00:00.000;12;0;16;0;60;1
10001575;10000154;2021-06-26 00:00:00.000;12;0;16;0;60;1
10000308;10000154;2021-06-18 00:00:00.000;13;0;16;0;60;1
10000308;10000154;2021-06-25 00:00:00.000;13;0;16;0;60;1
10001705;10000235;2021-06-26 00:00:00.000;11;0;16;0;30;10000001
10001705;10000166;2021-06-23 00:00:00.000;8;30;11;0;30;1
10001705;10000166;2021-06-30 00:00:00.000;8;30;11;0;30;1
10001699;10000252;2021-06-30 00:00:00.000;15;0;21;0;30;10000001
10001699;10000252;2021-06-22 00:00:00.000;8;0;14;0;30;10000001
10001699;10000252;2021-06-29 00:00:00.000;8;0;14;0;30;10000001
10001699;10000252;2021-06-18 00:00:00.000;8;0;14;0;30;10000001
10001699;10000252;2021-06-25 00:00:00.000;8;0;14;0;30;10000001
10001699;10000168;2021-06-28 00:00:00.000;15;0;21;0;30;1
10001699;10000168;2021-06-17 00:00:00.000;8;0;14;0;30;1
10001699;10000168;2021-06-24 00:00:00.000;8;0;14;0;30;1
10001699;10000168;2021-06-19 00:00:00.000;9;0;16;0;30;1
10001642;10000189;2021-06-21 00:00:00.000;15;0;21;0;30;1
10001642;10000189;2021-06-17 00:00:00.000;15;0;21;0;30;1
10001642;10000189;2021-06-18 00:00:00.000;8;0;15;0;30;1
10000171;10000156;2021-06-19 00:00:00.000;10;0;13;0;30;1
10000171;10000156;2021-06-26 00:00:00.000;10;0;13;0;30;1
10000681;10000158;2021-06-24 00:00:00.000;16;30;20;0;30;1
10001451;10000189;2021-06-21 00:00:00.000;9;0;14;30;30;1
10001451;10000189;2021-06-28 00:00:00.000;9;0;14;30;30;1
10001451;10000189;2021-06-18 00:00:00.000;18;0;19;0;30;1
10001451;10000189;2021-06-25 00:00:00.000;15;0;20;0;30;1
10001588;10000245;2021-06-17 00:00:00.000;17;30;18;0;30;10000001
10000280;10000152;2021-06-23 00:00:00.000;16;0;21;0;30;1
10000280;10000152;2021-06-30 00:00:00.000;16;0;21;0;30;1
10000280;10000152;2021-06-19 00:00:00.000;9;0;16;0;30;1
10000280;10000152;2021-06-26 00:00:00.000;9;0;16;0;30;1
10000644;10000229;2021-06-18 00:00:00.000;15;30;20;0;40;1
10000644;10000229;2021-06-23 00:00:00.000;15;30;20;0;40;1
10000644;10000229;2021-06-25 00:00:00.000;15;30;20;0;40;1
10000644;10000229;2021-06-30 00:00:00.000;15;30;20;0;40;1
10001486;10000203;2021-06-23 00:00:00.000;17;0;21;0;30;1
10001486;10000203;2021-06-30 00:00:00.000;17;0;21;0;30;1
10001760;10013846;2021-06-28 00:00:00.000;8;0;14;0;30;1
10001760;10013846;2021-06-21 00:00:00.000;8;0;14;0;30;1
10001760;10013846;2021-06-22 00:00:00.000;15;0;21;0;30;1
10001760;10013846;2021-06-23 00:00:00.000;15;0;21;0;30;1
10001760;10013846;2021-06-29 00:00:00.000;15;0;21;0;30;1
10001760;10013846;2021-06-30 00:00:00.000;15;0;21;0;30;1
10001760;10013846;2021-06-25 00:00:00.000;15;0;21;0;30;1
10001760;10013846;2021-06-18 00:00:00.000;15;0;21;0;30;1
10000089;10000129;2021-06-23 00:00:00.000;15;0;21;0;30;1
10000089;10000129;2021-06-30 00:00:00.000;15;0;21;0;30;1
10000089;10000129;2021-06-28 00:00:00.000;15;0;21;0;30;1
10000089;10000129;2021-06-21 00:00:00.000;15;0;21;0;30;1
10000089;10000129;2021-06-25 00:00:00.000;8;0;14;0;30;1
10000089;10000129;2021-06-24 00:00:00.000;8;0;14;0;30;1
10000089;10000129;2021-06-22 00:00:00.000;8;0;14;0;30;1
10000089;10000129;2021-06-29 00:00:00.000;8;0;14;0;30;1
10000672;10000237;2021-06-25 00:00:00.000;9;30;14;30;30;10000001
10001570;10000158;2021-06-18 00:00:00.000;15;0;21;0;30;1
10001570;10000158;2021-06-25 00:00:00.000;15;0;21;0;30;1
10001570;10000158;2021-06-30 00:00:00.000;15;0;21;0;30;1
10001570;10000158;2021-06-23 00:00:00.000;15;0;21;0;30;1
10001570;10000158;2021-06-22 00:00:00.000;15;0;21;0;30;1
10001570;10000158;2021-06-29 00:00:00.000;15;0;21;0;30;1
10001570;10000158;2021-06-17 00:00:00.000;8;0;14;30;30;1
10001570;10000158;2021-06-24 00:00:00.000;8;0;14;30;30;1
10001570;10000158;2021-06-19 00:00:00.000;9;0;16;0;30;1
10001570;10000158;2021-06-26 00:00:00.000;9;0;16;0;30;1
10001605;10000243;2021-06-21 00:00:00.000;8;0;14;0;30;10000001
10001605;10000759;2021-06-21 00:00:00.000;12;0;12;30;30;10000001
10001605;10000243;2021-06-28 00:00:00.000;8;0;14;0;30;10000001
10001605;10000759;2021-06-28 00:00:00.000;12;0;12;30;30;10000001
10001605;10000243;2021-06-24 00:00:00.000;8;0;14;0;30;10000001
10001605;10000759;2021-06-24 00:00:00.000;12;0;12;30;30;10000001
10001605;10000243;2021-06-29 00:00:00.000;8;0;14;0;30;10000001
10001605;10000759;2021-06-29 00:00:00.000;12;0;12;30;30;10000001
10001605;10000243;2021-06-22 00:00:00.000;8;0;14;0;30;10000001
10001605;10000759;2021-06-22 00:00:00.000;12;0;12;30;30;10000001
10001605;10000243;2021-06-18 00:00:00.000;15;0;21;0;30;10000001
10001605;10000759;2021-06-18 00:00:00.000;15;0;15;30;30;10000001
10001605;10000243;2021-06-25 00:00:00.000;15;0;21;0;30;10000001
10001605;10000759;2021-06-25 00:00:00.000;15;0;15;30;30;10000001
10001681;10000201;2021-06-21 00:00:00.000;16;0;21;0;30;1
10001681;10000201;2021-06-28 00:00:00.000;16;0;21;0;30;1
10001681;10000201;2021-06-25 00:00:00.000;16;0;21;0;30;1
10001681;10000201;2021-06-18 00:00:00.000;16;0;21;0;30;1
10001681;10000201;2021-06-22 00:00:00.000;8;0;14;0;30;1
10001681;10000201;2021-06-29 00:00:00.000;8;0;14;0;30;1
10001681;10000201;2021-06-23 00:00:00.000;8;0;18;0;30;1
10001681;10000201;2021-06-30 00:00:00.000;8;0;18;0;30;1
10001681;10000201;2021-06-19 00:00:00.000;9;0;15;0;30;1
10001681;10000201;2021-06-26 00:00:00.000;9;0;15;0;30;1
10001637;10000239;2021-06-22 00:00:00.000;9;0;15;0;30;10000001
10001637;10000166;2021-06-29 00:00:00.000;8;30;15;30;30;1
10001637;-1;2021-06-25 00:00:00.000;0;0;0;0;;
10001703;10000166;2021-06-21 00:00:00.000;16;0;21;0;30;1
10001703;10000166;2021-06-28 00:00:00.000;16;0;21;0;30;1
10001703;10000166;2021-06-17 00:00:00.000;16;0;21;0;30;1
10001703;10000166;2021-06-24 00:00:00.000;16;0;21;0;30;1
10001544;10000152;2021-06-17 00:00:00.000;17;0;21;0;30;1
10001544;10000152;2021-06-24 00:00:00.000;17;0;21;0;30;1
10001544;10000152;2021-06-22 00:00:00.000;19;0;19;30;30;1
10001544;10000152;2021-06-29 00:00:00.000;17;0;21;0;30;1
10001703;10000166;2021-06-19 00:00:00.000;10;0;16;0;30;1
10001703;10000166;2021-06-22 00:00:00.000;16;0;21;0;30;1
10001718;10000131;2021-06-17 00:00:00.000;18;0;21;0;30;1
10001718;10000131;2021-06-21 00:00:00.000;18;0;21;0;30;1
10001718;10000131;2021-06-23 00:00:00.000;18;0;21;0;30;1
10001718;10000131;2021-06-24 00:00:00.000;18;0;21;0;30;1
10001718;10000131;2021-06-30 00:00:00.000;18;0;21;0;30;1
10001718;10000131;2021-06-28 00:00:00.000;18;0;21;0;30;1
10001703;10000166;2021-06-26 00:00:00.000;9;0;16;0;30;1
10000303;10000245;2021-06-21 00:00:00.000;15;0;20;0;30;10000001
10000303;10000245;2021-06-28 00:00:00.000;15;0;20;0;30;10000001
10000303;10000245;2021-06-25 00:00:00.000;15;0;20;0;30;10000001
10000303;10000245;2021-06-18 00:00:00.000;15;0;20;0;30;10000001
10000303;10000245;2021-06-23 00:00:00.000;15;0;20;0;30;10000001
10000591;10000129;2021-06-22 00:00:00.000;15;0;21;0;40;1
10000591;10000129;2021-06-29 00:00:00.000;15;0;21;0;40;1
10000292;10000201;2021-06-21 00:00:00.000;8;0;14;30;20;1
10000292;10000201;2021-06-28 00:00:00.000;8;0;14;30;20;1
10000292;10000201;2021-06-17 00:00:00.000;8;0;19;0;20;1
10000292;10000201;2021-06-24 00:00:00.000;8;0;19;0;20;1
10001521;10016962;2021-06-18 00:00:00.000;8;0;15;0;30;10000001
10001521;10016962;2021-06-25 00:00:00.000;8;0;14;30;30;10000001
10001521;10016962;2021-06-19 00:00:00.000;9;0;16;0;30;10000001
10001521;10016962;2021-06-26 00:00:00.000;9;0;16;0;30;10000001
10001515;10000158;2021-06-18 00:00:00.000;13;30;14;0;30;1
10000292;-1;2021-07-05 00:00:00.000;0;0;0;0;;
10000292;-1;2021-07-06 00:00:00.000;0;0;0;0;;
10000292;-1;2021-07-07 00:00:00.000;0;0;0;0;;
10000292;-1;2021-07-08 00:00:00.000;0;0;0;0;;
10000292;-1;2021-07-09 00:00:00.000;0;0;0;0;;
10000292;-1;2021-07-10 00:00:00.000;0;0;0;0;;
10000292;-1;2021-07-11 00:00:00.000;0;0;0;0;;
10000292;-1;2021-07-12 00:00:00.000;0;0;0;0;;
10000292;-1;2021-07-13 00:00:00.000;0;0;0;0;;
10000292;-1;2021-07-14 00:00:00.000;0;0;0;0;;
10000292;-1;2021-07-15 00:00:00.000;0;0;0;0;;
10000292;-1;2021-07-16 00:00:00.000;0;0;0;0;;
10000292;-1;2021-07-17 00:00:00.000;0;0;0;0;;
10001702;10000245;2021-06-17 00:00:00.000;8;0;14;0;30;10000001
10001702;10000245;2021-06-18 00:00:00.000;8;0;14;0;30;10000001
10001702;10000245;2021-06-21 00:00:00.000;8;0;14;0;30;10000001
10001702;10000245;2021-06-22 00:00:00.000;8;0;14;0;30;10000001
10001702;10000245;2021-06-24 00:00:00.000;8;0;14;0;30;10000001
10001702;10000245;2021-06-25 00:00:00.000;8;0;14;0;30;10000001
10001702;10000245;2021-06-29 00:00:00.000;8;0;14;0;30;10000001
10001702;10000137;2021-06-23 00:00:00.000;15;0;21;0;30;1
10000220;10000137;2021-06-28 00:00:00.000;15;0;21;0;30;1
10000220;10000137;2021-06-30 00:00:00.000;15;0;21;0;30;1
10000220;10000137;2021-06-29 00:00:00.000;8;30;14;30;30;1
10000213;10000162;2021-06-18 00:00:00.000;8;30;14;30;30;1
10000213;10000162;2021-06-22 00:00:00.000;8;0;14;0;30;1
10000213;10000162;2021-06-24 00:00:00.000;8;0;14;0;30;1
10000213;10000162;2021-06-28 00:00:00.000;8;0;14;0;30;1
10000213;10000162;2021-06-30 00:00:00.000;8;0;14;0;30;1
10000213;10000162;2021-06-17 00:00:00.000;15;0;21;0;30;1
10000213;10000162;2021-06-21 00:00:00.000;15;0;21;0;30;1
10000213;10000162;2021-06-23 00:00:00.000;15;0;21;0;30;1
10000213;10000162;2021-06-25 00:00:00.000;15;0;21;0;30;1
10000213;10000162;2021-06-29 00:00:00.000;15;0;21;0;30;1
10000213;10000162;2021-06-19 00:00:00.000;9;0;16;0;30;1
10000129;10000247;2021-06-28 00:00:00.000;15;0;20;0;30;10000001
10001516;10000166;2021-06-23 00:00:00.000;16;0;21;0;30;1
10001516;10000166;2021-06-30 00:00:00.000;16;0;21;0;30;1
10000054;10000243;2021-06-21 00:00:00.000;15;0;21;0;45;10000001
10000054;10000231;2021-06-21 00:00:00.000;19;0;19;30;45;10000001
10000054;10000243;2021-06-28 00:00:00.000;15;0;21;0;45;10000001
10000054;10000231;2021-06-28 00:00:00.000;19;0;19;30;45;10000001
10000054;10013846;2021-06-22 00:00:00.000;8;0;14;0;45;1
10000054;10000199;2021-06-22 00:00:00.000;10;30;12;0;45;1
10000054;10013846;2021-06-29 00:00:00.000;8;0;14;0;45;1
10000054;10000199;2021-06-29 00:00:00.000;10;30;12;0;45;1
10000054;10013846;2021-06-17 00:00:00.000;15;0;21;0;45;1
10000054;10021692;2021-06-17 00:00:00.000;18;30;19;0;45;1
10000054;10013846;2021-06-24 00:00:00.000;15;0;21;0;45;1
10000054;10021692;2021-06-24 00:00:00.000;18;30;19;0;45;1
10000054;10000243;2021-06-18 00:00:00.000;8;0;14;0;45;10000001
10000054;10000243;2021-06-25 00:00:00.000;8;0;14;0;45;10000001
10001590;10000250;2021-06-21 00:00:00.000;15;0;21;0;30;10000001
10001590;10000187;2021-06-23 00:00:00.000;15;0;21;0;30;1
10001590;10000187;2021-06-28 00:00:00.000;15;0;21;0;30;1
10001590;10000250;2021-06-19 00:00:00.000;9;0;15;0;30;10000001
10001590;10000193;2021-06-18 00:00:00.000;8;0;14;0;30;1
10001590;10000193;2021-06-22 00:00:00.000;8;0;14;0;30;1
10001590;10000250;2021-06-25 00:00:00.000;8;0;14;0;30;10000001
10001590;10000250;2021-06-26 00:00:00.000;9;0;15;0;30;10000001
10001637;-1;2021-07-14 00:00:00.000;0;0;0;0;;
10001637;-1;2021-07-15 00:00:00.000;0;0;0;0;;
10001637;-1;2021-07-16 00:00:00.000;0;0;0;0;;
10001637;-1;2021-07-17 00:00:00.000;0;0;0;0;;
10001702;10000245;2021-06-28 00:00:00.000;8;0;14;0;30;10000001
10000083;10000139;2021-06-29 00:00:00.000;8;0;14;0;30;1
10000083;10000139;2021-06-28 00:00:00.000;15;0;21;0;30;1
10001698;10000164;2021-06-17 00:00:00.000;8;0;14;0;30;1
10001698;10000164;2021-06-21 00:00:00.000;8;0;14;0;30;1
10001698;10000164;2021-06-23 00:00:00.000;8;0;14;0;30;1
10001698;10000164;2021-06-25 00:00:00.000;8;0;14;0;30;1
10001698;10000164;2021-06-29 00:00:00.000;8;0;14;0;30;1
10001698;10000164;2021-06-18 00:00:00.000;14;30;21;0;30;1
10001698;10000164;2021-06-22 00:00:00.000;14;30;21;0;30;1
10001698;10000164;2021-06-24 00:00:00.000;14;30;21;0;30;1
10001698;10000164;2021-06-28 00:00:00.000;14;30;21;0;30;1
10001698;10000164;2021-06-30 00:00:00.000;15;0;21;0;30;1
10001698;10000164;2021-06-26 00:00:00.000;9;0;16;0;30;1
10001554;10000241;2021-06-29 00:00:00.000;12;30;13;0;30;10000001
10000171;10000193;2021-06-23 00:00:00.000;16;0;20;0;30;1
10000171;10000193;2021-06-30 00:00:00.000;16;0;20;0;30;1
10000251;-1;2021-06-17 00:00:00.000;0;0;0;0;;
10000251;-1;2021-06-18 00:00:00.000;0;0;0;0;;
10000251;-1;2021-06-19 00:00:00.000;0;0;0;0;;
10000251;-1;2021-06-20 00:00:00.000;0;0;0;0;;
10000251;-1;2021-06-21 00:00:00.000;0;0;0;0;;
10000251;-1;2021-06-22 00:00:00.000;0;0;0;0;;
10000251;-1;2021-06-23 00:00:00.000;0;0;0;0;;
10000251;-1;2021-06-24 00:00:00.000;0;0;0;0;;
10000251;-1;2021-06-25 00:00:00.000;0;0;0;0;;
10000251;-1;2021-06-26 00:00:00.000;0;0;0;0;;
10000251;-1;2021-06-27 00:00:00.000;0;0;0;0;;
10000251;-1;2021-06-28 00:00:00.000;0;0;0;0;;
10000251;-1;2021-06-29 00:00:00.000;0;0;0;0;;
10000251;-1;2021-06-30 00:00:00.000;0;0;0;0;;
10000259;-1;2021-06-21 00:00:00.000;0;0;0;0;;
10000259;-1;2021-06-22 00:00:00.000;0;0;0;0;;
10000259;-1;2021-06-23 00:00:00.000;0;0;0;0;;
10000259;-1;2021-06-24 00:00:00.000;0;0;0;0;;
10000259;-1;2021-06-25 00:00:00.000;0;0;0;0;;
10000259;-1;2021-06-26 00:00:00.000;0;0;0;0;;
10000259;-1;2021-06-27 00:00:00.000;0;0;0;0;;
10000259;-1;2021-06-28 00:00:00.000;0;0;0;0;;
10000259;-1;2021-06-29 00:00:00.000;0;0;0;0;;
10000259;-1;2021-06-30 00:00:00.000;0;0;0;0;;
10000259;-1;2021-07-01 00:00:00.000;0;0;0;0;;
10000259;-1;2021-07-02 00:00:00.000;0;0;0;0;;
10000259;-1;2021-07-03 00:00:00.000;0;0;0;0;;
10000259;-1;2021-07-04 00:00:00.000;0;0;0;0;;
10000259;-1;2021-07-05 00:00:00.000;0;0;0;0;;
10000259;-1;2021-07-06 00:00:00.000;0;0;0;0;;
10000259;-1;2021-07-07 00:00:00.000;0;0;0;0;;
10000259;-1;2021-07-08 00:00:00.000;0;0;0;0;;
10000259;-1;2021-07-09 00:00:00.000;0;0;0;0;;
10000259;-1;2021-07-10 00:00:00.000;0;0;0;0;;
10000259;-1;2021-07-11 00:00:00.000;0;0;0;0;;
10000259;-1;2021-07-12 00:00:00.000;0;0;0;0;;
10000259;-1;2021-07-13 00:00:00.000;0;0;0;0;;
10000259;-1;2021-07-14 00:00:00.000;0;0;0;0;;
10000259;-1;2021-07-15 00:00:00.000;0;0;0;0;;
10000259;-1;2021-07-16 00:00:00.000;0;0;0;0;;
10000259;-1;2021-07-17 00:00:00.000;0;0;0;0;;
10001749;10000131;2021-06-19 00:00:00.000;9;0;16;0;30;1
10001749;10000247;2021-06-18 00:00:00.000;18;20;21;0;30;10000001
10001749;-1;2021-06-24 00:00:00.000;0;0;0;0;;
10001749;-1;2021-06-25 00:00:00.000;0;0;0;0;;
10001749;-1;2021-06-26 00:00:00.000;0;0;0;0;;
10001749;-1;2021-06-27 00:00:00.000;0;0;0;0;;
10001749;-1;2021-06-28 00:00:00.000;0;0;0;0;;
10001749;-1;2021-06-29 00:00:00.000;0;0;0;0;;
10001749;-1;2021-06-30 00:00:00.000;0;0;0;0;;
10001773;10000137;2021-06-25 00:00:00.000;15;0;21;0;30;1
10001773;10000137;2021-06-29 00:00:00.000;15;0;21;0;30;1
10001773;10000137;2021-06-18 00:00:00.000;8;0;14;0;30;1
10001773;10000137;2021-06-28 00:00:00.000;8;0;14;0;30;1
10001700;10013846;2021-06-23 00:00:00.000;8;0;14;0;30;1
10001700;10013846;2021-06-30 00:00:00.000;8;0;14;0;30;1
10001700;10013846;2021-06-17 00:00:00.000;8;0;14;0;30;1
10001700;10013846;2021-06-24 00:00:00.000;8;0;14;0;30;1
10001700;10013846;2021-06-18 00:00:00.000;8;0;14;0;30;1
10001700;10013846;2021-06-25 00:00:00.000;8;0;14;0;30;1
10001760;10000156;2021-06-17 00:00:00.000;8;0;14;0;30;1
10001760;10000156;2021-06-24 00:00:00.000;8;0;14;0;30;1
10001700;10013846;2021-06-28 00:00:00.000;15;0;21;0;30;1
10000681;10000158;2021-06-21 00:00:00.000;16;30;20;0;30;1
10000184;10000823;2021-06-19 00:00:00.000;9;0;17;0;20;1
10000184;10000823;2021-06-20 00:00:00.000;9;0;17;0;20;1
10000184;10000823;2021-06-23 00:00:00.000;9;0;17;0;20;1
10000184;10000823;2021-06-24 00:00:00.000;9;0;17;0;20;1
10000184;10000823;2021-06-26 00:00:00.000;9;0;17;0;20;1
10000184;10000823;2021-06-27 00:00:00.000;9;0;17;0;20;1
10000184;10000823;2021-06-28 00:00:00.000;9;0;17;0;20;1
10000184;10000823;2021-06-29 00:00:00.000;9;0;17;0;20;1
10001700;10013846;2021-06-19 00:00:00.000;9;0;16;0;30;1
10001760;10013846;2021-06-26 00:00:00.000;9;0;16;0;30;1
10001588;10000245;2021-06-19 00:00:00.000;9;0;16;0;30;10000001
10001702;10000245;2021-06-26 00:00:00.000;9;0;16;0;30;10000001
10000443;-1;2021-06-17 00:00:00.000;0;0;0;0;;
10000443;-1;2021-06-18 00:00:00.000;0;0;0;0;;
10000443;-1;2021-06-19 00:00:00.000;0;0;0;0;;
10000443;-1;2021-06-20 00:00:00.000;0;0;0;0;;
10000443;-1;2021-06-21 00:00:00.000;0;0;0;0;;
10000443;-1;2021-06-22 00:00:00.000;0;0;0;0;;
10000443;-1;2021-06-23 00:00:00.000;0;0;0;0;;
10000443;-1;2021-06-24 00:00:00.000;0;0;0;0;;
10000443;-1;2021-06-25 00:00:00.000;0;0;0;0;;
10000443;-1;2021-06-26 00:00:00.000;0;0;0;0;;
10000443;-1;2021-06-27 00:00:00.000;0;0;0;0;;
10000443;-1;2021-06-29 00:00:00.000;0;0;0;0;;
10000443;-1;2021-06-30 00:00:00.000;0;0;0;0;;
10000443;-1;2021-06-28 00:00:00.000;0;0;0;0;;
10001773;10000137;2021-06-26 00:00:00.000;9;0;16;0;30;1
10001742;10038698;2021-06-21 00:00:00.000;9;0;17;30;20;1
10001742;10038698;2021-06-22 00:00:00.000;9;0;17;30;20;1
10001742;10038698;2021-06-25 00:00:00.000;9;0;17;30;20;1
10001742;10038698;2021-06-26 00:00:00.000;9;0;17;30;20;1
10001742;10038698;2021-06-27 00:00:00.000;9;0;17;30;20;1
10001742;10038698;2021-06-29 00:00:00.000;9;0;17;30;20;1
10001742;10038698;2021-06-30 00:00:00.000;9;0;17;30;20;1
10000025;10000170;2021-06-17 00:00:00.000;9;0;17;30;20;1
10000025;10000170;2021-06-18 00:00:00.000;9;0;17;30;20;1
10000025;10000170;2021-06-20 00:00:00.000;9;0;17;30;20;1
10000025;10000170;2021-06-21 00:00:00.000;9;0;17;30;20;1
10000025;10000170;2021-06-22 00:00:00.000;9;0;17;30;20;1
10000025;10000170;2021-06-23 00:00:00.000;9;0;17;30;20;1
10000025;10000170;2021-06-24 00:00:00.000;9;0;17;30;20;1
10000025;10000170;2021-06-25 00:00:00.000;9;0;17;30;20;1
10000025;10000170;2021-06-28 00:00:00.000;9;0;17;30;20;1
10000025;10000170;2021-06-29 00:00:00.000;9;0;17;30;20;1
10000025;10000170;2021-06-30 00:00:00.000;9;0;17;30;20;1
10001515;10000158;2021-06-22 00:00:00.000;8;0;14;0;30;1
10001515;10000158;2021-06-29 00:00:00.000;8;0;14;0;30;1
10001772;10000260;2021-06-17 00:00:00.000;16;0;19;0;20;10000002
10000185;10000187;2021-06-21 00:00:00.000;8;0;14;0;30;1
10001642;10000189;2021-06-22 00:00:00.000;10;0;20;0;30;1
10001642;10000189;2021-06-29 00:00:00.000;10;0;20;0;30;1
10001642;10000189;2021-06-30 00:00:00.000;8;0;16;0;30;1
10001637;10000166;2021-06-21 00:00:00.000;8;30;15;30;30;1
10001637;10000166;2021-06-28 00:00:00.000;8;30;15;30;30;1
10001642;10000189;2021-06-19 00:00:00.000;9;0;16;0;30;1
10001524;10006660;2021-06-20 00:00:00.000;10;0;12;0;30;1
10001524;10006660;2021-06-27 00:00:00.000;10;0;12;0;30;1
10001524;10006660;2021-06-26 00:00:00.000;10;0;12;0;30;1
10000639;10000152;2021-06-22 00:00:00.000;8;0;15;0;30;1
10000639;10000152;2021-06-23 00:00:00.000;8;0;15;0;30;1
10000639;10000152;2021-06-25 00:00:00.000;8;0;15;0;30;1
10000639;10000152;2021-06-30 00:00:00.000;8;0;15;0;30;1
10001487;10000223;2021-07-14 00:00:00.000;9;0;15;0;30;1
10001487;10000223;2021-07-15 00:00:00.000;9;0;15;0;30;1
10001487;10000223;2021-07-16 00:00:00.000;9;0;15;0;30;1
10001487;10000223;2021-07-13 00:00:00.000;9;0;15;0;30;1
10001687;10000168;2021-07-05 00:00:00.000;8;0;14;30;30;1
10001687;10000168;2021-07-12 00:00:00.000;8;0;14;30;30;1
10001687;10000168;2021-07-07 00:00:00.000;8;0;14;30;30;1
10001687;10000168;2021-07-14 00:00:00.000;8;0;14;30;30;1
10001687;10000168;2021-07-06 00:00:00.000;14;30;21;0;30;1
10001687;10000168;2021-07-13 00:00:00.000;14;30;21;0;30;1
10001687;10000168;2021-07-15 00:00:00.000;15;0;21;0;30;1
10001687;10000168;2021-07-08 00:00:00.000;15;0;21;0;30;1
10001687;10000168;2021-07-01 00:00:00.000;15;0;21;0;30;1
10001687;10000168;2021-07-02 00:00:00.000;15;0;21;0;30;1
10001687;10000168;2021-07-09 00:00:00.000;15;0;21;0;30;1
10001687;10000168;2021-07-16 00:00:00.000;15;0;21;0;30;1
10001687;10000168;2021-07-10 00:00:00.000;9;0;16;0;30;1
10000672;10000139;2021-06-17 00:00:00.000;9;30;14;30;30;1
10000672;10000237;2021-06-22 00:00:00.000;9;30;14;30;30;10000001
10000672;10000139;2021-06-24 00:00:00.000;9;30;14;30;30;1
10000672;10000237;2021-06-29 00:00:00.000;9;30;14;30;30;10000001
10000672;10000237;2021-06-28 00:00:00.000;15;0;21;0;30;10000001
10001605;10000243;2021-06-23 00:00:00.000;15;0;21;0;30;10000001
10001605;10000759;2021-06-23 00:00:00.000;15;0;15;30;30;10000001
10001605;10000243;2021-06-30 00:00:00.000;15;0;21;0;30;10000001
10001605;10000759;2021-06-30 00:00:00.000;15;0;15;30;30;10000001
10001620;10000247;2021-06-23 00:00:00.000;15;0;21;0;30;10000001
10001620;10000247;2021-06-30 00:00:00.000;15;0;21;0;30;10000001
10001521;10016962;2021-06-22 00:00:00.000;8;0;15;0;30;10000001
10001521;10016962;2021-06-29 00:00:00.000;8;0;14;30;30;10000001
10001521;10016962;2021-06-17 00:00:00.000;8;0;15;0;30;10000001
10001521;10016962;2021-06-24 00:00:00.000;8;0;14;30;30;10000001
10001521;10016962;2021-06-23 00:00:00.000;15;0;21;0;30;10000001
10001521;10016962;2021-06-30 00:00:00.000;15;0;21;0;30;10000001
10000421;10000203;2021-06-24 00:00:00.000;15;0;21;0;30;1
10001699;10000168;2021-06-21 00:00:00.000;8;0;14;0;30;1
10001699;10000252;2021-06-23 00:00:00.000;15;0;21;0;30;10000001
10001590;10000250;2021-06-24 00:00:00.000;8;0;14;0;30;10000001
10001590;10000250;2021-06-29 00:00:00.000;8;0;14;0;30;10000001
10001590;10000250;2021-06-30 00:00:00.000;15;0;21;0;30;10000001
10001590;10000250;2021-06-17 00:00:00.000;8;0;14;0;30;10000001
10001554;10000241;2021-06-17 00:00:00.000;8;0;13;0;30;10000001
10001620;10000247;2021-06-17 00:00:00.000;8;0;15;0;30;10000001
10001620;10000247;2021-06-24 00:00:00.000;8;0;15;0;30;10000001
10001620;10000247;2021-06-22 00:00:00.000;8;0;15;0;30;10000001
10001620;10000247;2021-06-29 00:00:00.000;8;0;15;0;30;10000001
10001464;10000235;2021-06-29 00:00:00.000;10;0;15;0;30;10000001
10001638;10000193;2021-06-19 00:00:00.000;9;0;16;0;30;1
10001524;10006660;2021-06-17 00:00:00.000;10;0;12;0;30;1
10001524;10006660;2021-06-19 00:00:00.000;10;0;12;0;30;1
10001524;10006660;2021-06-21 00:00:00.000;10;0;12;0;30;1
10001524;10006660;2021-06-22 00:00:00.000;10;0;12;0;30;1
10001524;10006660;2021-06-23 00:00:00.000;10;0;12;0;30;1
10001524;10006660;2021-06-24 00:00:00.000;10;0;12;0;30;1
10001524;10006660;2021-06-25 00:00:00.000;10;0;12;0;30;1
10001524;10006660;2021-06-28 00:00:00.000;10;0;12;0;30;1
10001524;10006660;2021-06-29 00:00:00.000;10;0;12;0;30;1
10001524;10006660;2021-06-30 00:00:00.000;10;0;12;0;30;1
10001524;10006660;2021-06-18 00:00:00.000;10;0;12;0;30;1
10001642;-1;2021-07-01 00:00:00.000;0;0;0;0;;
10001642;-1;2021-07-02 00:00:00.000;0;0;0;0;;
10001642;-1;2021-07-03 00:00:00.000;0;0;0;0;;
10001642;-1;2021-07-04 00:00:00.000;0;0;0;0;;
10001776;10000195;2021-06-21 00:00:00.000;15;0;21;0;30;1
10001776;10000195;2021-06-22 00:00:00.000;8;0;14;0;30;1
10001776;10000195;2021-06-24 00:00:00.000;15;0;21;0;30;1
10001776;10000195;2021-06-25 00:00:00.000;8;0;14;0;30;1
10001776;10000195;2021-06-28 00:00:00.000;15;0;21;0;30;1
10001776;10000195;2021-06-29 00:00:00.000;8;0;14;0;30;1
10000054;10000241;2021-06-18 00:00:00.000;10;0;11;0;45;10000001
10000054;10000241;2021-06-25 00:00:00.000;10;0;11;0;45;10000001
10001776;10000195;2021-06-30 00:00:00.000;15;0;21;0;30;1
10000206;-1;2021-06-23 00:00:00.000;0;0;0;0;;
10000206;-1;2021-06-22 00:00:00.000;0;0;0;0;;
10000206;-1;2021-06-21 00:00:00.000;0;0;0;0;;
10000206;-1;2021-06-18 00:00:00.000;0;0;0;0;;
10000206;-1;2021-06-24 00:00:00.000;0;0;0;0;;
10000206;-1;2021-06-25 00:00:00.000;0;0;0;0;;
10000206;-1;2021-06-28 00:00:00.000;0;0;0;0;;
10000206;-1;2021-06-29 00:00:00.000;0;0;0;0;;
10000206;-1;2021-06-30 00:00:00.000;0;0;0;0;;
10000206;-1;2021-07-01 00:00:00.000;0;0;0;0;;
10000206;-1;2021-07-02 00:00:00.000;0;0;0;0;;
10000206;-1;2021-07-05 00:00:00.000;0;0;0;0;;
10000206;-1;2021-07-06 00:00:00.000;0;0;0;0;;
10000206;-1;2021-07-07 00:00:00.000;0;0;0;0;;
10000206;-1;2021-07-08 00:00:00.000;0;0;0;0;;
10000206;-1;2021-07-09 00:00:00.000;0;0;0;0;;
10000206;-1;2021-07-16 00:00:00.000;0;0;0;0;;
10000206;-1;2021-07-15 00:00:00.000;0;0;0;0;;
10000206;-1;2021-07-14 00:00:00.000;0;0;0;0;;
10000206;-1;2021-07-13 00:00:00.000;0;0;0;0;;
10000206;-1;2021-07-12 00:00:00.000;0;0;0;0;;
10001620;10000247;2021-06-21 00:00:00.000;15;0;21;0;30;10000001
10001620;10000247;2021-06-28 00:00:00.000;15;0;21;0;30;10000001
10001761;10000154;2021-06-24 00:00:00.000;15;0;21;0;30;1
10001761;10000131;2021-06-25 00:00:00.000;8;0;14;0;30;1
10001761;10000131;2021-06-22 00:00:00.000;14;0;20;0;30;1
10001761;10000131;2021-06-29 00:00:00.000;14;0;20;0;30;1
10000591;10000129;2021-06-17 00:00:00.000;15;0;21;0;40;1
10000303;10000245;2021-06-30 00:00:00.000;15;0;20;0;30;10000001
10000654;10000156;2021-06-22 00:00:00.000;16;0;20;0;30;1
10001544;10000152;2021-06-21 00:00:00.000;17;0;21;0;30;1
10001637;10000239;2021-06-23 00:00:00.000;15;0;21;0;30;10000001
10001637;10000239;2021-06-24 00:00:00.000;9;0;15;0;30;10000001
10001637;10000239;2021-06-30 00:00:00.000;15;0;21;0;30;10000001
10000681;10000158;2021-06-28 00:00:00.000;16;30;20;0;30;1
10000252;10000152;2021-07-13 00:00:00.000;10;0;16;0;30;1
10000252;10000152;2021-07-14 00:00:00.000;10;0;16;0;30;1
10000252;10000152;2021-07-15 00:00:00.000;10;0;16;0;30;1
10000252;10000152;2021-07-16 00:00:00.000;10;0;16;0;30;1
10000252;-1;2021-07-01 00:00:00.000;0;0;0;0;;
10000252;-1;2021-07-02 00:00:00.000;0;0;0;0;;
10000252;-1;2021-07-03 00:00:00.000;0;0;0;0;;
10000252;-1;2021-07-05 00:00:00.000;0;0;0;0;;
10000252;-1;2021-07-06 00:00:00.000;0;0;0;0;;
10000252;-1;2021-07-07 00:00:00.000;0;0;0;0;;
10000252;-1;2021-07-08 00:00:00.000;0;0;0;0;;
10000252;-1;2021-07-09 00:00:00.000;0;0;0;0;;
10000252;-1;2021-07-10 00:00:00.000;0;0;0;0;;
10000252;-1;2021-07-11 00:00:00.000;0;0;0;0;;
10000252;-1;2021-07-04 00:00:00.000;0;0;0;0;;
10000252;-1;2021-06-21 00:00:00.000;0;0;0;0;;
10000252;-1;2021-06-22 00:00:00.000;0;0;0;0;;
10000252;-1;2021-06-23 00:00:00.000;0;0;0;0;;
10000252;-1;2021-06-24 00:00:00.000;0;0;0;0;;
10000252;-1;2021-06-25 00:00:00.000;0;0;0;0;;
10000252;-1;2021-06-26 00:00:00.000;0;0;0;0;;
10000252;-1;2021-06-27 00:00:00.000;0;0;0;0;;
10000252;-1;2021-06-28 00:00:00.000;0;0;0;0;;
10000252;-1;2021-06-29 00:00:00.000;0;0;0;0;;
10000252;-1;2021-06-30 00:00:00.000;0;0;0;0;;
10001776;10000195;2021-06-18 00:00:00.000;8;0;14;0;30;1
10001761;10000131;2021-06-21 00:00:00.000;8;0;14;0;30;1
10001761;10000131;2021-06-28 00:00:00.000;8;0;14;0;30;1
10001702;10000131;2021-06-30 00:00:00.000;8;0;14;0;30;1
10001773;10000822;2021-06-21 00:00:00.000;9;0;17;0;30;1
10001773;10000822;2021-06-22 00:00:00.000;9;0;17;0;30;1
10001773;10000822;2021-06-23 00:00:00.000;9;0;17;0;30;1
10001773;10000822;2021-06-24 00:00:00.000;9;0;17;0;30;1
10001773;10000822;2021-06-30 00:00:00.000;9;0;17;0;30;1
10001700;10013846;2021-06-21 00:00:00.000;15;0;21;0;30;1
10000220;-1;2021-06-18 00:00:00.000;0;0;0;0;;
10000220;-1;2021-06-21 00:00:00.000;0;0;0;0;;
10000220;-1;2021-06-22 00:00:00.000;0;0;0;0;;
10000220;-1;2021-06-23 00:00:00.000;0;0;0;0;;
10000220;-1;2021-06-24 00:00:00.000;0;0;0;0;;
10000220;-1;2021-06-25 00:00:00.000;0;0;0;0;;
10000220;-1;2021-06-26 00:00:00.000;0;0;0;0;;
10000083;10000139;2021-06-30 00:00:00.000;8;0;14;0;30;1
10000672;10000139;2021-06-18 00:00:00.000;9;30;14;30;30;1
10000672;10000139;2021-06-21 00:00:00.000;15;0;21;0;30;1
10001418;10000264;2021-06-26 00:00:00.000;10;0;16;0;30;10000002
10000038;10000258;2021-06-26 00:00:00.000;10;0;16;0;30;10000002
10000672;10000256;2021-06-26 00:00:00.000;10;0;16;0;30;10000002
10000083;-1;2021-06-17 00:00:00.000;0;0;0;0;;
10000083;-1;2021-06-18 00:00:00.000;0;0;0;0;;
10000083;-1;2021-06-21 00:00:00.000;0;0;0;0;;
10000083;-1;2021-06-22 00:00:00.000;0;0;0;0;;
10000083;-1;2021-06-23 00:00:00.000;0;0;0;0;;
10000083;-1;2021-06-24 00:00:00.000;0;0;0;0;;
10000083;-1;2021-06-25 00:00:00.000;0;0;0;0;;
10000220;-1;2021-06-17 00:00:00.000;0;0;0;0;;
10001554;10000241;2021-06-30 00:00:00.000;16;0;20;0;30;10000001
10001451;-1;2021-07-05 00:00:00.000;0;0;0;0;;
10001451;-1;2021-07-02 00:00:00.000;0;0;0;0;;
10001710;10000131;2021-06-17 00:00:00.000;8;30;14;30;30;1
10001710;10000156;2021-06-18 00:00:00.000;8;30;14;30;30;1
10001776;10000195;2021-06-19 00:00:00.000;9;0;16;0;30;1
10000171;10000822;2021-06-18 00:00:00.000;9;0;17;0;30;1
10001637;10000824;2021-06-18 00:00:00.000;9;0;17;30;30;1
10001637;10000823;2021-06-17 00:00:00.000;9;0;16;0;30;1
10000091;10000824;2021-06-19 00:00:00.000;9;0;17;30;20;1
10001605;10000824;2021-06-17 00:00:00.000;9;0;17;30;20;1
10001668;10005723;2021-06-17 00:00:00.000;8;0;10;30;30;1
10000025;10000170;2021-06-19 00:00:00.000;9;0;17;30;20;1
10001588;-1;2021-06-28 00:00:00.000;0;0;0;0;;
10001588;-1;2021-06-29 00:00:00.000;0;0;0;0;;
10001588;-1;2021-06-30 00:00:00.000;0;0;0;0;;
10001588;-1;2021-07-01 00:00:00.000;0;0;0;0;;
10001588;-1;2021-07-02 00:00:00.000;0;0;0;0;;
10001588;-1;2021-07-03 00:00:00.000;0;0;0;0;;
10001588;-1;2021-07-04 00:00:00.000;0;0;0;0;;
10001588;-1;2021-07-05 00:00:00.000;0;0;0;0;;
10001588;-1;2021-07-06 00:00:00.000;0;0;0;0;;
10001588;-1;2021-07-07 00:00:00.000;0;0;0;0;;
10001588;-1;2021-07-08 00:00:00.000;0;0;0;0;;
10001588;-1;2021-07-09 00:00:00.000;0;0;0;0;;
10001588;-1;2021-07-10 00:00:00.000;0;0;0;0;;
10001588;-1;2021-07-11 00:00:00.000;0;0;0;0;;
10001588;-1;2021-07-12 00:00:00.000;0;0;0;0;;
10001588;-1;2021-07-13 00:00:00.000;0;0;0;0;;
10001588;-1;2021-07-14 00:00:00.000;0;0;0;0;;
10001588;-1;2021-07-15 00:00:00.000;0;0;0;0;;
10001588;-1;2021-07-16 00:00:00.000;0;0;0;0;;
10001588;-1;2021-07-17 00:00:00.000;0;0;0;0;;
10001710;10000137;2021-06-21 00:00:00.000;8;30;14;30;30;1
10001668;10005217;2021-06-18 00:00:00.000;9;0;9;30;30;1
10001773;10000822;2021-06-17 00:00:00.000;9;0;17;0;20;1
10001710;10000137;2021-06-22 00:00:00.000;8;30;14;30;30;1
10001710;10000137;2021-06-24 00:00:00.000;8;30;14;30;30;1
10001710;10000137;2021-06-28 00:00:00.000;8;30;14;30;30;1
10001710;10000137;2021-06-30 00:00:00.000;8;30;14;30;30;1
10001710;10000137;2021-06-23 00:00:00.000;15;0;21;0;30;1
10001710;10000137;2021-06-25 00:00:00.000;15;0;21;0;30;1
10001710;10000137;2021-06-29 00:00:00.000;15;0;21;0;30;1
10000598;10006660;2021-06-21 00:00:00.000;9;0;9;30;30;1
