ID;DOCID;BEGINTIME;ENDTIME;SHIFTDATE;ENABLED
395671;16;0.416667;0.434028;44373;1
396784;365;0.416667;0.4375;44366;1
397026;402;0.333333;0.336806;44368;1
397046;80;0.354167;0.479167;44373;1
397195;176;0.680556;0.833333;44365;1
397196;176;0.333333;0.541667;44367;0
397197;176;0.680556;0.833333;44372;1
397198;176;0.333333;0.541667;44374;0
397231;181;0.541667;0.583333;44371;1
397308;92;0.770833;0.788194;44364;1
397341;474;0.354167;0.541667;44370;1
397342;474;0.354167;0.541667;44372;1
397459;245;0.416667;0.434028;44363;1
397460;245;0.416667;0.434028;44364;1
397461;245;0.416667;0.4375;44365;1
397463;245;0.416667;0.4375;44366;1
397464;245;0.416667;0.4375;44367;1
397466;245;0.416667;0.4375;44368;1
397468;245;0.416667;0.4375;44369;1
397469;245;0.416667;0.4375;44370;1
397573;181;0.652778;0.666667;44364;0
397747;16;0.4375;0.458333;44366;1
397790;16;0.416667;0.4375;44366;0
397811;16;0.4375;0.454861;44373;1
397842;16;0.458333;0.479167;44366;1
397890;300;0.541667;0.583333;44369;1
397891;300;0.541667;0.583333;44376;1
397990;139;0.625;0.642361;44370;1
398245;402;0.333333;0.336806;44363;1
398246;394;0.666667;0.833333;44377;1
398303;16;0.479167;0.5;44366;0
398375;416;0.75;0.767361;44368;1
398387;482;0.333333;0.336806;44368;1
398389;482;0.333333;0.336806;44369;1
398578;41;0.5;0.517361;44376;1
398718;145;0.416667;0.430556;44374;1
398810;16;0.5;0.520833;44366;1
398814;38;0.458333;0.472222;44366;1
398850;92;0.711806;0.725694;44364;1
398877;386;0.416667;0.427083;44363;1
398900;300;0.4375;0.458333;44368;1
398924;504;0.479167;0.5;44363;1
398925;504;0.729167;0.75;44364;1
398926;504;0.479167;0.5;44365;1
398927;504;0.479167;0.5;44368;1
398929;504;0.729167;0.75;44369;1
398930;504;0.479167;0.5;44370;1
398931;504;0.729167;0.75;44371;1
398933;504;0.479167;0.5;44372;1
398935;504;0.479167;0.5;44375;1
398936;504;0.770833;0.791667;44376;1
398937;504;0.479167;0.5;44377;1
398944;145;0.416667;0.430556;44367;1
398961;300;0.666667;0.677083;44364;1
398992;386;0.40625;0.413194;44363;1
398994;16;0.520833;0.534722;44366;1
399105;472;0.333333;0.458333;44377;1
399106;464;0.333333;0.458333;44377;1
399108;269;0.333333;0.458333;44377;1
399117;478;0.333333;0.458333;44377;1
399138;296;0.375;0.395833;44364;0
399228;386;0.430556;0.444444;44363;0
399236;455;0.375;0.392361;44368;1
399248;47;0.666667;0.6875;44369;1
399249;47;0.666667;0.6875;44376;1
399251;47;0.666667;0.673611;44364;0
399252;47;0.666667;0.6875;44371;1
399259;337;0.375;0.385417;44368;0
399319;386;0.444444;0.451389;44363;0
399324;473;0.416667;0.5;44375;1
399431;396;0.666667;0.75;44365;1
399440;80;0.3125;0.326389;44369;1
399522;61;0.458333;0.5;44370;1
399568;61;0.333333;0.350694;44363;1
399597;386;0.402778;0.416667;44370;1
399620;61;0.3125;0.329861;44363;1
399632;16;0.458333;0.479167;44373;1
399635;38;0.333333;0.347222;44369;1
399636;365;0.354167;0.375;44369;1
399688;61;0.479167;0.5;44367;1
399691;386;0.430556;0.444444;44363;0
399692;386;0.454861;0.458333;44363;0
399697;245;0.375;0.409722;44363;0
399701;61;0.416667;0.4375;44377;1
399716;195;0.4375;0.454861;44365;1
399778;430;0.375;0.440972;44368;1
399779;430;0.375;0.440972;44375;1
399846;61;0.416667;0.458333;44370;1
399851;61;0.354167;0.371528;44363;1
399896;300;0.333333;0.347222;44368;1
399906;300;0.347222;0.361111;44368;1
399909;41;0.541667;0.559028;44364;1
399918;300;0.583333;0.600694;44364;1
399921;300;0.347222;0.361111;44375;1
399936;61;0.375;0.392361;44363;1
399964;404;0.375;0.402778;44365;0
400035;181;0.722222;0.736111;44372;1
400060;386;0.444444;0.458333;44363;1
400062;300;0.631944;0.649306;44364;1
400124;464;0.458333;0.791667;44365;1
400141;61;0.295139;0.309028;44363;1
400146;11;0.690972;0.694444;44363;1
400159;55;0.40625;0.409722;44365;1
400237;61;0.458333;0.475694;44363;0
400239;11;0.729167;0.736111;44363;1
400273;181;0.819444;0.833333;44372;1
400280;300;0.680556;0.690972;44364;1
400283;51;0.652778;0.666667;44364;1
400300;11;0.416667;0.423611;44367;1
400302;145;0.430556;0.444444;44367;1
400303;61;0.416667;0.4375;44374;1
400337;61;0.5;0.517361;44367;1
400341;394;0.666667;0.697917;44370;1
400369;269;0.375;0.385417;44363;1
400373;195;0.670139;0.684028;44363;1
400374;195;0.6875;0.704861;44363;1
400385;131;0.458333;0.479167;44370;1
400416;504;0.354167;0.371528;44370;1
400454;92;0.729167;0.746528;44364;1
400462;92;0.75;0.767361;44364;1
400471;365;0.375;0.392361;44364;1
400496;73;0.444444;0.458333;44365;1
400498;506;0.645833;0.666667;44364;0
400510;437;0.479167;0.5;44363;0
400630;511;0.291667;0.305556;44363;1
400631;511;0.541667;0.555556;44363;1
400632;511;0.791667;0.805556;44363;1
400633;511;0.791667;0.805556;44364;1
400634;511;0.541667;0.555556;44364;1
400635;511;0.291667;0.305556;44364;1
400636;511;0.291667;0.305556;44365;1
400637;511;0.541667;0.555556;44365;1
400639;511;0.791667;0.805556;44365;1
400640;511;0.625;0.631944;44366;1
400641;511;0.541667;0.555556;44366;1
400642;511;0.291667;0.305556;44366;1
400643;511;0.291667;0.305556;44368;1
400644;511;0.541667;0.555556;44368;1
400645;511;0.791667;0.805556;44368;1
400646;511;0.791667;0.805556;44369;1
400647;511;0.541667;0.555556;44369;1
400648;511;0.291667;0.305556;44369;1
400649;511;0.291667;0.305556;44370;1
400650;511;0.541667;0.555556;44370;1
400651;511;0.791667;0.805556;44370;1
400652;511;0.791667;0.805556;44371;1
400653;511;0.541667;0.555556;44371;1
400654;511;0.291667;0.305556;44371;1
400655;511;0.291667;0.305556;44372;1
400656;511;0.541667;0.555556;44372;1
400657;511;0.791667;0.805556;44372;1
400658;511;0.625;0.631944;44373;1
400660;511;0.541667;0.555556;44373;1
400661;511;0.291667;0.305556;44373;1
400662;511;0.291667;0.305556;44375;1
400663;511;0.541667;0.555556;44375;1
400664;511;0.791667;0.805556;44375;1
400665;511;0.791667;0.805556;44376;1
400666;511;0.541667;0.555556;44376;1
400667;511;0.291667;0.305556;44376;1
400668;511;0.291667;0.305556;44377;1
400669;511;0.541667;0.555556;44377;1
400670;511;0.791667;0.805556;44377;1
400768;511;0.833333;0.840278;44363;1
400769;511;0.784722;0.791667;44363;1
400770;511;0.701389;0.708333;44363;1
400771;511;0.618056;0.625;44363;1
400772;511;0.534722;0.541667;44363;1
400773;511;0.451389;0.458333;44363;1
400774;511;0.368056;0.375;44363;1
400775;511;0.284722;0.291667;44363;1
400776;511;0.284722;0.291667;44364;1
400777;511;0.368056;0.375;44364;1
400778;511;0.451389;0.458333;44364;1
400779;511;0.534722;0.541667;44364;1
400780;511;0.618056;0.625;44364;1
400781;511;0.701389;0.708333;44364;1
400782;511;0.784722;0.791667;44364;1
400783;511;0.833333;0.840278;44364;1
400784;511;0.284722;0.291667;44365;1
400785;511;0.368056;0.375;44365;1
400786;511;0.451389;0.458333;44365;1
400787;511;0.534722;0.541667;44365;1
400788;511;0.618056;0.625;44365;1
400789;511;0.701389;0.708333;44365;1
400790;511;0.784722;0.791667;44365;1
400791;511;0.833333;0.840278;44365;1
400792;511;0.618056;0.625;44366;1
400793;511;0.534722;0.541667;44366;1
400794;511;0.451389;0.458333;44366;1
400795;511;0.368056;0.375;44366;1
400796;511;0.284722;0.291667;44366;1
400799;437;0.458333;0.479167;44363;0
400809;173;0.75;0.767361;44365;1
400824;511;0.284722;0.291667;44368;1
400826;511;0.368056;0.375;44368;1
400828;511;0.451389;0.458333;44368;1
400830;511;0.534722;0.541667;44368;1
400831;511;0.618056;0.625;44368;1
400832;511;0.701389;0.708333;44368;1
400833;511;0.784722;0.791667;44368;1
400834;511;0.833333;0.840278;44368;1
400835;511;0.284722;0.291667;44369;1
400836;511;0.368056;0.375;44369;1
400837;511;0.451389;0.458333;44369;1
400839;61;0.333333;0.375;44370;1
400861;437;0.333333;0.353472;44365;1
400877;300;0.375;0.395833;44375;1
400882;504;0.416667;0.434028;44363;1
400883;511;0.534722;0.541667;44369;1
400884;511;0.618056;0.625;44369;1
400885;511;0.701389;0.708333;44369;1
400886;16;0.416667;0.4375;44366;1
400887;511;0.784722;0.791667;44369;1
400890;300;0.583333;0.604167;44376;1
400908;511;0.833333;0.840278;44369;1
400909;511;0.284722;0.291667;44370;1
400910;511;0.368056;0.375;44370;1
400919;511;0.451389;0.458333;44370;1
400921;511;0.534722;0.541667;44370;1
400922;511;0.618056;0.625;44370;1
400924;511;0.701389;0.708333;44370;1
400925;511;0.784722;0.791667;44370;1
400926;511;0.833333;0.840278;44370;1
400927;511;0.284722;0.291667;44371;1
400928;511;0.368056;0.375;44371;1
400929;511;0.451389;0.458333;44371;1
400930;511;0.534722;0.541667;44371;1
400931;511;0.618056;0.625;44371;1
400932;511;0.701389;0.708333;44371;1
400933;511;0.784722;0.791667;44371;1
400934;511;0.833333;0.840278;44371;1
400935;511;0.284722;0.291667;44372;1
400936;511;0.368056;0.375;44372;1
400937;511;0.451389;0.458333;44372;1
400938;511;0.534722;0.541667;44372;1
400939;511;0.618056;0.625;44372;1
400941;511;0.701389;0.708333;44372;1
400943;511;0.784722;0.791667;44372;1
400944;511;0.833333;0.840278;44372;1
400945;511;0.284722;0.291667;44373;1
400946;511;0.368056;0.375;44373;1
400947;511;0.451389;0.458333;44373;1
400948;511;0.534722;0.541667;44373;1
400949;511;0.618056;0.625;44373;1
400950;511;0.284722;0.291667;44375;1
400951;511;0.368056;0.375;44375;1
400952;511;0.451389;0.458333;44375;1
400953;511;0.534722;0.541667;44375;1
400955;511;0.618056;0.625;44375;1
400956;511;0.701389;0.708333;44375;1
400957;511;0.784722;0.791667;44375;1
400958;511;0.833333;0.840278;44375;1
400960;511;0.284722;0.291667;44376;1
400961;511;0.368056;0.375;44376;1
400962;61;0.375;0.416667;44370;1
400963;511;0.451389;0.458333;44376;1
400966;511;0.534722;0.541667;44376;1
400967;511;0.618056;0.625;44376;1
400968;511;0.701389;0.708333;44376;1
400969;511;0.784722;0.791667;44376;1
400970;511;0.833333;0.840278;44376;1
400971;511;0.284722;0.291667;44377;1
400972;511;0.368056;0.375;44377;1
400973;511;0.451389;0.458333;44377;1
400974;511;0.534722;0.541667;44377;1
400975;511;0.618056;0.625;44377;1
400976;511;0.701389;0.708333;44377;1
400977;511;0.784722;0.791667;44377;1
400978;511;0.833333;0.840278;44377;1
400981;131;0.524306;0.666667;44370;1
400984;464;0.461806;0.475694;44363;1
400985;377;0.479167;0.496528;44363;1
400990;402;0.333333;0.34375;44364;1
400991;402;0.333333;0.34375;44371;1
401003;41;0.520833;0.541667;44376;1
401016;402;0.333333;0.34375;44366;1
401034;474;0.5;0.520833;44365;1
401044;394;0.729167;0.760417;44370;1
401068;208;0.375;0.378472;44363;1
401082;386;0.402778;0.416667;44377;1
401127;472;0.604167;0.611111;44363;0
401139;80;0.315972;0.322917;44364;1
401185;61;0.4375;0.479167;44367;1
401186;38;0.444444;0.458333;44367;1
401210;55;0.503472;0.506944;44364;1
401211;195;0.75;0.767361;44363;1
401216;416;0.416667;0.434028;44366;1
401220;80;0.354167;0.368056;44366;1
401222;173;0.729167;0.746528;44365;1
401224;365;0.708333;0.725694;44365;1
401256;54;0.541667;0.559028;44363;1
401269;289;0.458333;0.475694;44363;1
401270;472;0.503472;0.517361;44363;1
401278;245;0.395833;0.413194;44363;1
401279;245;0.395833;0.413194;44364;1
401280;245;0.395833;0.413194;44365;1
401282;54;0.5;0.517361;44364;1
401286;24;0.708333;0.715278;44368;1
401288;24;0.71875;0.729167;44368;1
401293;300;0.333333;0.354167;44363;0
401303;80;0.368056;0.378472;44364;1
401356;513;0.583333;0.645833;44364;0
401360;269;0.458333;0.472222;44371;1
401361;181;0.541667;0.666667;44369;1
401394;513;0.666667;0.708333;44364;0
401398;38;0.333333;0.347222;44366;1
401399;365;0.354167;0.375;44366;1
401406;513;0.645833;0.704861;44364;1
401408;492;0.541667;0.604167;44369;1
401419;463;0.583333;0.621528;44364;0
401422;145;0.430556;0.444444;44374;1
401423;269;0.583333;0.597222;44369;1
401429;402;0.336806;0.340278;44363;1
401476;11;0.375;0.385417;44374;1
401488;73;0.458333;0.472222;44365;1
401498;300;0.75;0.767361;44364;1
401501;432;0.416667;0.430556;44365;1
401508;96;0.375;0.388889;44377;1
401516;11;0.697917;0.704861;44363;1
401520;208;0.333333;0.34375;44366;1
401523;289;0.4375;0.454861;44363;1
401576;512;0.336806;0.34375;44363;1
401579;472;0.520833;0.527778;44363;1
401586;337;0.388889;0.409722;44368;1
401591;322;0.75;0.770833;44365;1
401599;61;0.354167;0.375;44367;1
401600;11;0.375;0.381944;44367;1
401605;504;0.75;0.767361;44364;1
401609;289;0.375;0.395833;44365;1
401612;55;0.458333;0.46875;44366;1
401616;499;0.708333;0.725694;44363;0
401630;11;0.708333;0.715278;44363;1
401632;55;0.4375;0.447917;44365;1
401652;472;0.53125;0.538194;44363;1
401657;195;0.708333;0.725694;44363;0
401675;501;0.729167;0.746528;44363;0
401688;245;0.4375;0.458333;44365;1
401701;131;0.479167;0.5;44370;1
401725;181;0.555556;0.569444;44364;1
401732;61;0.520833;0.541667;44367;1
401741;61;0.4375;0.454861;44363;0
401742;61;0.375;0.416667;44367;1
401749;73;0.5;0.520833;44368;1
401759;463;0.625;0.642361;44364;0
401766;386;0.430556;0.444444;44370;1
401769;495;0.333333;0.350694;44366;1
401787;289;0.416667;0.434028;44363;1
401788;476;0.666667;0.684028;44365;1
401796;181;0.805556;0.819444;44372;1
401800;181;0.736111;0.777778;44372;1
401803;311;0.708333;0.75;44365;1
401811;45;0.729167;0.746528;44364;1
401812;45;0.746528;0.75;44364;1
401813;195;0.770833;0.788194;44363;1
401814;504;0.791667;0.809028;44364;1
401815;504;0.8125;0.833333;44364;1
401821;503;0.770833;0.788194;44365;1
401822;181;0.777778;0.791667;44372;1
401823;442;0.6875;0.694444;44363;0
401824;463;0.621528;0.625;44364;0
401832;269;0.295139;0.302083;44363;1
401837;147;0.708333;0.746528;44363;0
401839;245;0.729167;0.746528;44363;1
401846;269;0.305556;0.315972;44363;1
401847;269;0.333333;0.34375;44363;1
401849;416;0.6875;0.704861;44368;1
401856;245;0.375;0.392361;44363;1
401858;245;0.375;0.392361;44364;1
401859;245;0.375;0.392361;44365;1
401885;469;0.75;0.770833;44365;1
401889;365;0.395833;0.413194;44369;0
401891;147;0.75;0.788194;44363;1
401908;195;0.729167;0.746528;44363;1
401917;45;0.708333;0.725694;44364;1
401923;16;0.479167;0.5;44366;1
401929;16;0.534722;0.541667;44366;1
401934;365;0.4375;0.454861;44366;1
401936;501;0.75;0.767361;44363;1
401943;245;0.4375;0.454861;44363;1
401944;245;0.458333;0.475694;44363;1
401945;24;0.697917;0.704861;44368;1
401946;24;0.704861;0.708333;44368;1
401947;24;0.715278;0.71875;44368;1
401952;289;0.541667;0.552083;44363;1
401954;55;0.378472;0.381944;44363;0
401955;377;0.541667;0.5625;44363;0
401969;11;0.395833;0.40625;44374;1
401970;11;0.40625;0.416667;44374;1
401971;440;0.416667;0.434028;44374;1
401973;38;0.40625;0.416667;44374;1
401974;47;0.6875;0.697917;44371;1
401975;47;0.701389;0.711806;44371;1
401976;38;0.395833;0.40625;44374;1
401977;440;0.4375;0.454861;44374;1
402026;11;0.385417;0.395833;44374;1
402027;45;0.770833;0.788194;44364;1
402032;437;0.479167;0.541667;44363;0
402056;11;0.458333;0.465278;44374;1
402063;289;0.604167;0.625;44363;0
402065;22;0.628472;0.642361;44363;0
402070;11;0.71875;0.725694;44363;1
402074;289;0.416667;0.4375;44365;1
402075;245;0.336806;0.350694;44363;1
402076;245;0.458333;0.475694;44364;1
402082;61;0.333333;0.375;44374;0
402083;61;0.333333;0.375;44374;1
402095;269;0.333333;0.354167;44370;1
402100;96;0.361111;0.375;44370;1
402118;39;0.604167;0.614583;44368;1
402120;193;0.375;0.395833;44374;1
402121;193;0.416667;0.4375;44374;1
402123;193;0.4375;0.458333;44374;1
402149;11;0.725694;0.729167;44363;1
402180;38;0.295139;0.309028;44364;1
402185;47;0.677083;0.704861;44364;1
402188;384;0.770833;0.788194;44364;1
402189;55;0.510417;0.517361;44364;1
402196;300;0.333333;0.541667;44369;1
402197;300;0.333333;0.541667;44376;1
402198;269;0.319444;0.329861;44363;1
402200;269;0.347222;0.357639;44363;1
402203;416;0.4375;0.458333;44366;0
402204;300;0.361111;0.395833;44368;1
402205;300;0.416667;0.434028;44364;1
402206;300;0.333333;0.416667;44363;1
402208;300;0.458333;0.479167;44364;0
402210;300;0.458333;0.475694;44363;1
402212;245;0.354167;0.371528;44363;1
402218;491;0.628472;0.642361;44364;1
402233;437;0.395833;0.409722;44365;1
402235;432;0.430556;0.444444;44365;0
402240;245;0.75;0.767361;44363;1
402241;245;0.666667;0.684028;44364;1
402246;404;0.357639;0.381944;44363;1
402250;476;0.708333;0.725694;44365;1
402260;9;0.416667;0.4375;44364;0
402266;300;0.611111;0.628472;44364;1
402268;92;0.791667;0.809028;44364;1
402271;269;0.361111;0.371528;44363;1
402272;80;0.326389;0.34375;44369;1
402273;365;0.375;0.392361;44363;1
402274;499;0.708333;0.725694;44365;1
402278;416;0.708333;0.729167;44368;1
402279;45;0.791667;0.809028;44364;1
402283;437;0.375;0.395833;44365;1
402286;289;0.479167;0.496528;44363;1
402287;289;0.378472;0.392361;44363;1
402288;147;0.791667;0.833333;44363;1
402289;394;0.697917;0.729167;44370;1
402290;437;0.354167;0.375;44365;1
402293;504;0.770833;0.788194;44364;1
402294;181;0.597222;0.649306;44364;1
402296;73;0.472222;0.541667;44365;1
402299;61;0.375;0.395833;44374;1
402300;38;0.583333;0.59375;44363;1
402304;38;0.354167;0.364583;44364;1
402305;289;0.378472;0.392361;44364;1
402316;269;0.375;0.385417;44365;1
402317;45;0.6875;0.708333;44371;1
402318;386;0.444444;0.458333;44370;1
402320;38;0.375;0.385417;44364;1
402321;289;0.395833;0.413194;44364;1
402323;195;0.666667;0.6875;44370;1
402328;289;0.604167;0.625;44369;1
402331;337;0.333333;0.388889;44368;1
402332;92;0.8125;0.822917;44364;1
402333;337;0.392361;0.430556;44368;0
402342;394;0.760417;0.791667;44370;1
402349;377;0.378472;0.392361;44363;1
402350;512;0.388889;0.399306;44363;1
402369;61;0.395833;0.413194;44363;1
402374;181;0.541667;0.555556;44368;1
402375;96;0.295139;0.302083;44363;1
402381;491;0.642361;0.645833;44364;1
402384;269;0.611111;0.625;44363;1
402385;296;0.375;0.392361;44370;1
402386;296;0.395833;0.5;44364;0
402387;482;0.333333;0.336806;44364;1
402388;55;0.416667;0.427083;44366;0
402393;181;0.625;0.666667;44371;1
402394;55;0.385417;0.392361;44363;1
402395;269;0.371528;0.375;44363;1
402396;269;0.385417;0.388889;44363;1
402397;269;0.357639;0.361111;44363;1
402398;269;0.34375;0.347222;44363;1
402399;269;0.329861;0.333333;44363;1
402400;269;0.315972;0.319444;44363;1
402401;269;0.302083;0.305556;44363;1
402402;245;0.350694;0.354167;44363;1
402403;245;0.371528;0.375;44363;1
402404;245;0.392361;0.395833;44363;1
402405;245;0.413194;0.416667;44363;1
402406;245;0.434028;0.4375;44363;1
402407;245;0.454861;0.458333;44363;1
402408;245;0.475694;0.479167;44363;1
402409;296;0.392361;0.395833;44370;1
402410;96;0.315972;0.319444;44363;1
402411;22;0.642361;0.645833;44363;1
402413;11;0.694444;0.697917;44363;1
402414;11;0.704861;0.708333;44363;1
402415;11;0.715278;0.71875;44363;1
402416;11;0.736111;0.739583;44363;1
402417;472;0.517361;0.520833;44363;1
402418;472;0.527778;0.53125;44363;1
402419;472;0.538194;0.541667;44363;1
402420;463;0.642361;0.645833;44364;0
402421;61;0.413194;0.416667;44363;1
402422;61;0.309028;0.3125;44363;1
402423;61;0.392361;0.395833;44363;1
402424;61;0.371528;0.375;44363;1
402425;61;0.329861;0.333333;44363;1
402426;61;0.350694;0.354167;44363;1
402427;195;0.767361;0.770833;44363;1
402428;195;0.746528;0.75;44363;1
402429;195;0.725694;0.729167;44363;1
402430;195;0.684028;0.6875;44363;1
402431;195;0.704861;0.708333;44363;1
402432;55;0.381944;0.385417;44363;1
402433;55;0.392361;0.395833;44363;1
402434;208;0.378472;0.381944;44363;1
402435;54;0.559028;0.5625;44363;1
402436;386;0.413194;0.416667;44363;1
402437;386;0.427083;0.430556;44363;1
402438;386;0.440972;0.444444;44363;1
402439;365;0.392361;0.395833;44363;1
402440;300;0.475694;0.479167;44363;1
402441;38;0.59375;0.597222;44363;1
402442;289;0.5;0.517361;44363;1
402445;147;0.746528;0.75;44363;0
402446;147;0.788194;0.791667;44363;1
402447;289;0.392361;0.395833;44363;1
402448;289;0.434028;0.4375;44363;1
402449;289;0.454861;0.458333;44363;1
402450;289;0.475694;0.479167;44363;1
402451;289;0.496528;0.5;44363;1
402452;289;0.517361;0.520833;44363;1
402453;300;0.434028;0.4375;44364;1
402454;501;0.767361;0.770833;44363;1
402455;474;0.375;0.392361;44363;1
402456;474;0.392361;0.395833;44363;1
402457;499;0.746528;0.75;44363;1
402458;512;0.34375;0.347222;44363;1
402459;11;0.739583;0.746528;44363;1
402460;513;0.704861;0.708333;44364;1
402461;504;0.434028;0.4375;44363;1
402462;464;0.475694;0.479167;44363;1
402463;472;0.541667;0.548611;44363;0
402464;289;0.555556;0.565972;44363;0
402465;173;0.770833;0.788194;44365;1
402468;22;0.645833;0.663194;44363;1
402469;354;0.545139;0.548611;44364;1
402470;55;0.506944;0.510417;44364;0
402471;55;0.545139;0.548611;44364;1
402472;55;0.517361;0.520833;44364;1
402473;289;0.5625;0.569444;44364;1
402476;245;0.479167;0.496528;44363;1
402477;296;0.395833;0.413194;44370;1
402478;296;0.413194;0.416667;44370;1
402479;402;0.34375;0.347222;44364;1
402480;38;0.347222;0.361111;44369;1
402481;55;0.395833;0.402778;44363;1
402482;365;0.375;0.395833;44366;1
402483;208;0.460417;0.461806;44364;1
402486;432;0.444444;0.458333;44365;0
402487;296;0.378472;0.392361;44363;1
402488;365;0.416667;0.434028;44363;1
402489;365;0.434028;0.4375;44363;1
402490;296;0.392361;0.395833;44363;1
402491;365;0.413194;0.416667;44363;1
402492;208;0.361111;0.368056;44365;1
402493;472;0.552083;0.555556;44363;1
402495;354;0.375;0.395833;44367;1
402496;440;0.395833;0.416667;44367;1
402498;365;0.375;0.395833;44369;1
402500;289;0.416667;0.434028;44364;1
402501;269;0.291667;0.295139;44363;1
402502;208;0.361111;0.364583;44363;1
402503;506;0.4375;0.458333;44369;1
402504;245;0.746528;0.75;44363;1
402505;480;0.461806;0.475694;44363;1
402506;245;0.767361;0.770833;44363;1
402507;245;0.496528;0.5;44363;1
402508;22;0.663194;0.666667;44363;1
402509;22;0.625;0.628472;44363;1
402513;45;0.75;0.767361;44364;1
402514;289;0.458333;0.475694;44364;1
402515;38;0.4375;0.447917;44364;1
402516;289;0.395833;0.413194;44365;1
402519;491;0.666667;0.684028;44363;1
402521;245;0.5;0.520833;44363;1
402522;41;0.520833;0.541667;44364;0
402523;491;0.684028;0.6875;44363;1
402524;386;0.430556;0.440972;44363;1
402525;300;0.541667;0.583333;44364;1
402528;11;0.746528;0.75;44363;1
402530;404;0.395833;0.416667;44363;0
402532;11;0.75;0.756944;44363;1
402533;38;0.569444;0.579861;44363;1
402534;365;0.395833;0.413194;44363;1
402535;11;0.756944;0.760417;44363;1
402536;11;0.6875;0.690972;44363;1
402537;377;0.392361;0.395833;44363;1
402538;377;0.496528;0.5;44363;1
402539;333;0.628472;0.645833;44363;0
402540;404;0.381944;0.385417;44363;1
402541;494;0.645833;0.663194;44363;0
402543;139;0.645833;0.666667;44370;1
402544;96;0.302083;0.305556;44363;1
402545;333;0.645833;0.708333;44363;0
402546;333;0.625;0.628472;44363;1
402548;333;0.625;0.628472;44364;1
402549;333;0.625;0.628472;44365;0
402550;333;0.625;0.628472;44368;0
402551;333;0.625;0.628472;44369;0
402552;333;0.625;0.628472;44370;1
402553;300;0.770833;0.78125;44370;1
402554;333;0.625;0.628472;44371;1
402555;333;0.625;0.628472;44372;1
402556;365;0.458333;0.475694;44369;1
402557;38;0.319444;0.333333;44369;1
402558;61;0.416667;0.5;44363;1
402559;61;0.291667;0.295139;44363;1
402560;38;0.555556;0.565972;44363;1
402561;289;0.583333;0.600694;44363;1
402562;208;0.449306;0.451389;44364;1
402563;41;0.520833;0.538194;44364;1
402564;195;0.788194;0.791667;44363;1
402565;195;0.8125;0.833333;44363;1
402567;512;0.399306;0.402778;44363;1
402568;55;0.402778;0.40625;44363;1
402569;208;0.371528;0.375;44363;1
402570;208;0.364583;0.368056;44363;1
402571;55;0.40625;0.416667;44366;1
402572;386;0.416667;0.430556;44370;1
402573;11;0.760417;0.767361;44363;1
402575;22;0.628472;0.642361;44363;1
402576;512;0.347222;0.357639;44363;1
402577;512;0.357639;0.361111;44363;1
402578;512;0.371528;0.375;44363;1
402579;512;0.385417;0.388889;44363;1
402581;455;0.625;0.645833;44369;1
402582;38;0.579861;0.583333;44363;1
402583;38;0.565972;0.569444;44363;1
402584;404;0.385417;0.413194;44363;1
402585;300;0.4375;0.458333;44364;1
402586;11;0.770833;0.777778;44363;1
402587;11;0.767361;0.770833;44363;1
402588;11;0.777778;0.78125;44363;1
402589;289;0.565972;0.569444;44363;1
402590;289;0.552083;0.555556;44363;1
402591;404;0.40625;0.427083;44363;0
402592;289;0.520833;0.541667;44363;1
402593;289;0.600694;0.604167;44363;1
402594;365;0.4375;0.454861;44363;1
402595;365;0.454861;0.458333;44363;1
402596;289;0.395833;0.40625;44363;1
402597;499;0.729167;0.746528;44363;1
402599;337;0.409722;0.430556;44368;1
402600;269;0.295139;0.309028;44364;1
402601;269;0.3125;0.322917;44364;1
402603;464;0.75;0.770833;44363;1
402604;300;0.78125;0.802083;44370;1
402605;404;0.413194;0.416667;44363;1
402606;404;0.354167;0.357639;44363;1
402607;245;0.5;0.520833;44365;1
402609;300;0.333333;0.375;44364;0
402610;80;0.354167;0.364583;44364;1
402611;365;0.395833;0.413194;44364;1
402612;300;0.729167;0.746528;44364;1
402614;455;0.392361;0.395833;44368;1
402615;402;0.333333;0.336806;44369;1
402616;402;0.333333;0.336806;44376;1
402617;482;0.333333;0.336806;44363;1
402620;45;0.690972;0.704861;44364;1
402621;55;0.5625;0.569444;44364;1
402622;269;0.416667;0.427083;44363;1
402623;437;0.458333;0.472222;44368;1
402624;61;0.333333;0.354167;44367;1
402625;45;0.8125;0.833333;44364;1
402626;55;0.40625;0.413194;44363;1
402627;38;0.3125;0.319444;44364;1
402629;47;0.708333;0.71875;44364;1
402630;181;0.583333;0.59375;44364;1
402631;47;0.71875;0.722222;44364;1
402632;47;0.704861;0.708333;44364;1
402633;38;0.388889;0.40625;44364;1
402634;38;0.40625;0.409722;44364;1
402635;55;0.416667;0.423611;44363;1
402636;494;0.545139;0.559028;44363;1
402637;494;0.559028;0.5625;44363;1
402638;365;0.458333;0.475694;44363;1
402639;512;0.361111;0.371528;44363;1
402640;402;0.333333;0.336806;44370;1
402641;491;0.625;0.833333;44377;0
402642;269;0.416667;0.427083;44364;1
402643;402;0.333333;0.336806;44377;1
402645;55;0.413194;0.416667;44363;1
402646;289;0.583333;0.604167;44368;1
402647;55;0.427083;0.434028;44363;1
402648;55;0.423611;0.427083;44363;1
402649;55;0.434028;0.4375;44363;1
402650;61;0.416667;0.4375;44367;1
402651;289;0.40625;0.413194;44363;1
402652;365;0.479167;0.496528;44363;1
402653;365;0.475694;0.479167;44363;1
402654;365;0.5;0.517361;44363;1
402655;365;0.496528;0.5;44363;1
402656;365;0.517361;0.520833;44363;1
402657;450;0.666667;0.6875;44371;1
402658;269;0.402778;0.413194;44365;1
402659;437;0.416667;0.4375;44365;1
402660;457;0.416667;0.4375;44366;1
402661;464;0.458333;0.479167;44370;1
402662;495;0.371528;0.375;44366;1
402663;269;0.430556;0.440972;44363;1
402664;472;0.541667;0.552083;44363;1
402665;289;0.569444;0.572917;44363;0
402666;289;0.579861;0.583333;44363;1
402667;289;0.569444;0.579861;44363;1
402668;289;0.413194;0.416667;44363;1
402669;365;0.416667;0.434028;44364;1
402670;73;0.430556;0.444444;44365;1
402671;208;0.357639;0.361111;44363;1
402672;499;0.75;0.767361;44363;1
402673;208;0.354167;0.361111;44365;1
402674;499;0.767361;0.770833;44363;1
402675;269;0.427083;0.430556;44363;1
402676;269;0.440972;0.444444;44363;1
402677;245;0.479167;0.496528;44364;1
402678;80;0.326389;0.336806;44364;1
402680;505;0.690972;0.704861;44364;1
402681;457;0.670139;0.684028;44364;1
402683;432;0.458333;0.472222;44365;1
402684;365;0.4375;0.454861;44364;1
402685;474;0.520833;0.541667;44365;1
402686;474;0.413194;0.416667;44363;0
402687;11;0.78125;0.788194;44363;1
402688;11;0.788194;0.791667;44363;1
402689;96;0.305556;0.315972;44363;1
402690;365;0.354167;0.371528;44363;1
402691;365;0.371528;0.375;44363;1
402692;208;0.381944;0.385417;44363;1
402693;208;0.385417;0.388889;44363;1
402694;478;0.378472;0.392361;44363;1
402695;478;0.416667;0.458333;44363;1
402696;478;0.392361;0.395833;44363;1
402698;41;0.503472;0.517361;44364;1
402699;38;0.545139;0.552083;44363;1
402700;38;0.552083;0.555556;44363;1
402701;55;0.4375;0.444444;44363;1
402702;55;0.444444;0.447917;44363;1
402703;472;0.333333;0.458333;44363;1
402704;472;0.5;0.503472;44363;1
402705;16;0.479167;0.5;44373;1
402706;491;0.625;0.666667;44363;1
402707;296;0.375;0.378472;44363;1
402708;416;0.3125;0.333333;44366;1
402709;38;0.597222;0.607639;44363;1
402710;38;0.607639;0.611111;44363;1
402711;96;0.291667;0.295139;44363;1
402712;300;0.4375;0.454861;44363;1
402713;195;0.666667;0.670139;44363;1
402714;55;0.375;0.378472;44363;1
402715;208;0.354167;0.357639;44363;1
402716;480;0.475694;0.479167;44363;1
402717;480;0.458333;0.461806;44363;1
402718;504;0.416667;0.4375;44368;1
402719;386;0.402778;0.40625;44363;1
402720;365;0.333333;0.354167;44363;1
402721;319;0.625;0.628472;44363;1
402722;300;0.454861;0.458333;44363;1
402723;38;0.541667;0.545139;44363;1
402724;147;0.708333;0.75;44363;1
402725;289;0.375;0.378472;44363;1
402726;457;0.5;0.625;44363;1
402727;402;0.340278;0.34375;44363;1
402728;245;0.333333;0.336806;44363;1
402729;457;0.666667;0.670139;44363;1
402730;51;0.625;0.628472;44363;1
402731;245;0.625;0.628472;44363;1
402733;377;0.375;0.378472;44363;1
402734;494;0.541667;0.545139;44363;1
402735;478;0.375;0.378472;44363;1
402736;501;0.708333;0.75;44363;1
402737;474;0.354167;0.375;44363;1
402738;486;0.583333;0.586806;44363;0
402739;499;0.708333;0.729167;44363;1
402740;512;0.333333;0.336806;44363;1
402741;482;0.336806;0.340278;44363;1
402742;245;0.770833;0.791667;44364;1
402743;500;0.708333;0.711806;44363;1
402744;300;0.708333;0.725694;44364;1
402745;437;0.541667;0.545139;44363;1
402746;504;0.333333;0.336806;44363;1
402747;9;0.333333;0.416667;44364;0
402748;506;0.4375;0.440972;44363;1
402749;9;0.4375;0.583333;44364;0
402750;464;0.458333;0.461806;44363;1
402751;55;0.572917;0.576389;44364;1
402752;442;0.6875;0.729167;44363;0
402753;55;0.447917;0.451389;44363;1
402754;402;0.333333;0.336806;44365;1
402755;494;0.5625;0.579861;44363;1
402756;300;0.725694;0.729167;44364;1
402757;300;0.746528;0.75;44364;1
402758;300;0.767361;0.770833;44364;1
402759;300;0.600694;0.604167;44364;1
402760;300;0.628472;0.631944;44364;1
402761;300;0.649306;0.652778;44364;1
402762;300;0.677083;0.680556;44364;1
402763;300;0.690972;0.694444;44364;1
402764;208;0.465278;0.46875;44364;1
402765;208;0.454861;0.458333;44364;0
402766;208;0.451389;0.453472;44364;0
402767;208;0.46875;0.472222;44364;1
402768;11;0.791667;0.798611;44363;1
402769;11;0.798611;0.802083;44363;1
402770;55;0.520833;0.527778;44364;1
402771;55;0.527778;0.53125;44364;1
402772;55;0.548611;0.552083;44364;1
402773;55;0.559028;0.5625;44364;1
402774;55;0.569444;0.572917;44364;1
402775;55;0.538194;0.541667;44364;1
402776;322;0.333333;0.354167;44366;1
402777;495;0.354167;0.371528;44366;1
402778;269;0.541667;0.555556;44363;1
402779;495;0.350694;0.354167;44366;1
402780;512;0.375;0.385417;44363;1
402781;55;0.53125;0.538194;44364;1
402782;269;0.333333;0.34375;44364;1
402783;11;0.802083;0.809028;44363;1
402784;11;0.809028;0.8125;44363;1
402785;245;0.392361;0.395833;44364;1
402786;245;0.413194;0.416667;44364;1
402787;245;0.475694;0.479167;44364;1
402788;245;0.496528;0.5;44364;1
402789;41;0.517361;0.520833;44364;1
402790;41;0.538194;0.541667;44364;1
402791;491;0.708333;0.833333;44364;1
402792;208;0.472222;0.475694;44364;1
402793;208;0.368056;0.375;44365;1
402794;208;0.447917;0.454861;44368;1
402795;300;0.416667;0.434028;44363;1
402796;300;0.434028;0.4375;44363;1
402797;181;0.572917;0.579861;44364;1
402798;181;0.579861;0.583333;44364;1
402799;181;0.59375;0.597222;44364;1
402800;181;0.569444;0.572917;44364;1
402801;181;0.635417;0.638889;44364;0
402802;181;0.649306;0.652778;44364;1
402803;38;0.333333;0.336806;44364;1
402804;245;0.4375;0.454861;44364;1
402805;208;0.375;0.378472;44365;1
402806;245;0.354167;0.375;44365;1
402807;11;0.385417;0.392361;44367;1
402808;11;0.381944;0.385417;44367;1
402809;11;0.392361;0.395833;44367;1
402810;11;0.423611;0.427083;44367;1
402811;402;0.347222;0.350694;44364;1
402812;80;0.322917;0.326389;44364;1
402813;402;0.34375;0.347222;44363;1
402814;245;0.5;0.517361;44364;1
402815;80;0.336806;0.340278;44364;1
402816;80;0.364583;0.368056;44364;1
402817;80;0.378472;0.381944;44364;1
402818;39;0.614583;0.625;44368;1
402819;45;0.704861;0.708333;44364;1
402820;45;0.725694;0.729167;44364;1
402821;45;0.767361;0.770833;44364;1
402822;45;0.788194;0.791667;44364;1
402823;45;0.809028;0.8125;44364;1
402824;457;0.75;0.791667;44364;1
402825;457;0.684028;0.6875;44364;1
402826;11;0.8125;0.819444;44363;1
402827;55;0.454861;0.458333;44363;1
402828;11;0.819444;0.822917;44363;1
402829;80;0.340278;0.350694;44364;1
402830;80;0.350694;0.354167;44364;1
402831;38;0.611111;0.625;44363;1
402832;208;0.475694;0.479167;44364;1
402833;54;0.517361;0.520833;44364;1
402834;437;0.517361;0.520833;44364;1
402835;365;0.520833;0.541667;44364;0
402836;365;0.392361;0.395833;44364;1
402837;365;0.413194;0.416667;44364;1
402838;365;0.434028;0.4375;44364;1
402839;365;0.454861;0.458333;44364;1
402840;269;0.309028;0.3125;44364;1
402841;47;0.673611;0.677083;44364;0
402842;47;0.791667;0.833333;44364;1
402843;269;0.347222;0.357639;44364;0
402844;269;0.322917;0.326389;44364;1
402845;269;0.34375;0.347222;44364;1
402846;269;0.357639;0.361111;44364;1
402847;38;0.555556;0.625;44364;1
402848;38;0.309028;0.3125;44364;1
402849;38;0.319444;0.322917;44364;1
402850;38;0.336806;0.340278;44364;1
402851;38;0.364583;0.368056;44364;1
402852;38;0.385417;0.388889;44364;1
402853;38;0.447917;0.451389;44364;1
402854;384;0.788194;0.791667;44364;1
402855;354;0.548611;0.552083;44364;1
402856;384;0.708333;0.729167;44364;0
402857;92;0.725694;0.729167;44364;1
402858;92;0.746528;0.75;44364;1
402859;92;0.767361;0.770833;44364;1
402860;92;0.788194;0.791667;44364;1
402861;92;0.809028;0.8125;44364;1
402862;92;0.822917;0.826389;44364;1
402863;512;0.402778;0.416667;44363;1
402864;512;0.416667;0.458333;44363;1
402865;289;0.392361;0.395833;44364;1
402866;289;0.413194;0.416667;44364;1
402867;289;0.434028;0.4375;44364;1
402868;289;0.475694;0.479167;44364;1
402869;289;0.569444;0.572917;44364;1
402870;365;0.354167;0.371528;44364;1
402871;269;0.427083;0.430556;44364;1
402872;208;0.479167;0.48125;44364;1
402873;245;0.684028;0.6875;44364;1
402874;208;0.368056;0.371528;44363;1
402875;55;0.378472;0.381944;44363;1
402876;457;0.6875;0.708333;44364;1
402877;55;0.451389;0.454861;44363;1
402878;38;0.322917;0.333333;44364;1
402879;504;0.767361;0.770833;44364;1
402880;504;0.788194;0.791667;44364;1
402881;504;0.809028;0.8125;44364;1
402882;505;0.770833;0.833333;44364;1
402883;41;0.559028;0.5625;44364;1
402884;394;0.791667;0.8125;44370;1
402885;41;0.5625;0.579861;44364;1
402886;474;0.395833;0.541667;44363;1
402887;41;0.579861;0.583333;44364;1
402888;404;0.416667;0.541667;44363;1
402889;245;0.6875;0.725694;44363;1
402890;472;0.555556;0.5625;44363;1
402891;440;0.375;0.392361;44370;1
402892;289;0.5625;0.565972;44363;1
402893;208;0.482639;0.486111;44364;1
402894;269;0.375;0.388889;44369;1
402895;486;0.75;0.770833;44364;1
402896;333;0.729167;0.746528;44364;1
402897;181;0.791667;0.805556;44372;1
402898;11;0.395833;0.40625;44367;1
402899;300;0.652778;0.663194;44364;1
402900;38;0.416667;0.430556;44364;1
402901;365;0.458333;0.475694;44364;1
402902;11;0.40625;0.416667;44367;1
402903;38;0.458333;0.46875;44364;1
402904;384;0.729167;0.746528;44364;1
402905;365;0.479167;0.496528;44364;1
402906;365;0.475694;0.479167;44364;1
402907;365;0.496528;0.5;44364;1
402908;181;0.555556;0.572917;44364;0
402909;38;0.340278;0.350694;44364;1
402910;38;0.350694;0.354167;44364;1
402911;427;0.5;0.517361;44363;0
402912;300;0.663194;0.666667;44364;1
402913;322;0.416667;0.434028;44364;1
402914;300;0.704861;0.708333;44364;1
402915;173;0.708333;0.725694;44365;1
402916;181;0.555556;0.569444;44368;1
402917;269;0.444444;0.458333;44363;1
402918;480;0.479167;0.5;44363;1
402919;300;0.395833;0.4375;44368;1
402920;384;0.75;0.767361;44364;1
402921;384;0.767361;0.770833;44364;1
402922;384;0.746528;0.75;44364;1
402923;505;0.704861;0.708333;44364;1
402934;455;0.395833;0.413194;44368;1
402935;455;0.413194;0.416667;44368;1
402936;463;0.645833;0.666667;44364;0
402937;300;0.770833;0.788194;44364;1
402938;300;0.788194;0.791667;44364;1
402939;80;0.368056;0.381944;44366;1
402940;245;0.520833;0.540972;44364;1
402941;245;0.517361;0.520833;44364;1
402942;245;0.333333;0.353472;44365;1
402943;504;0.333333;0.336806;44368;1
402944;504;0.5;0.503472;44369;1
402945;504;0.5;0.503472;44371;1
402946;504;0.5;0.503472;44364;1
402947;504;0.333333;0.336806;44365;1
402948;504;0.333333;0.336806;44370;1
402949;504;0.333333;0.336806;44372;1
402950;504;0.333333;0.336806;44377;1
402951;494;0.583333;0.600694;44363;1
402952;494;0.579861;0.583333;44363;1
402953;494;0.600694;0.604167;44363;1
402954;11;0.822917;0.833333;44363;1
402955;476;0.729167;0.75;44365;1
402956;486;0.583333;0.6875;44364;1
402957;486;0.6875;0.708333;44364;1
402958;508;0.472222;0.541667;44365;1
402959;515;0.472222;0.541667;44365;1
402960;457;0.5;0.503472;44364;1
402961;61;0.395833;0.416667;44374;1
402962;208;0.486111;0.489583;44364;0
402963;208;0.489583;0.493056;44364;1
402964;300;0.791667;0.8125;44364;1
402965;464;0.5625;0.604167;44363;1
402966;38;0.5;0.520833;44369;1
402967;55;0.416667;0.427083;44366;1
402968;333;0.628472;0.666667;44364;1
402969;489;0.711806;0.71875;44364;1
402970;489;0.71875;0.722222;44364;1
402971;402;0.350694;0.354167;44364;1
402972;402;0.34375;0.347222;44371;1
402973;145;0.444444;0.458333;44374;1
402974;322;0.770833;0.791667;44365;1
402975;41;0.520833;0.541667;44369;1
402976;54;0.5;0.520833;44369;1
402977;300;0.458333;0.541667;44364;1
402978;289;0.4375;0.454861;44364;1
402979;300;0.333333;0.375;44364;0
402980;289;0.604167;0.625;44363;1
402981;300;0.333333;0.416667;44364;1
402982;464;0.333333;0.336806;44364;1
402983;38;0.472222;0.482639;44364;1
402984;506;0.4375;0.440972;44364;1
402985;504;0.503472;0.506944;44364;1
402986;54;0.520833;0.534722;44364;1
402987;80;0.381944;0.395833;44364;1
402988;489;0.708333;0.711806;44364;1
402989;505;0.6875;0.690972;44364;1
402996;245;0.434028;0.4375;44364;1
402997;245;0.454861;0.458333;44364;1
402998;289;0.479167;0.496528;44364;1
402999;47;0.722222;0.729167;44364;1
403000;47;0.729167;0.732639;44364;1
403001;289;0.454861;0.458333;44364;1
403002;289;0.496528;0.5;44364;1
403003;245;0.354167;0.375;44364;1
403004;289;0.375;0.378472;44364;1
403005;269;0.388889;0.399306;44364;1
403006;269;0.361111;0.385417;44364;1
403007;269;0.385417;0.388889;44364;1
403008;494;0.604167;0.75;44363;1
403009;269;0.399306;0.402778;44364;1
403010;289;0.5;0.520833;44364;0
403011;437;0.625;0.642361;44363;1
403012;245;0.625;0.628472;44364;1
403013;41;0.5;0.503472;44364;1
403014;414;0.375;0.5;44366;1
403015;414;0.6875;0.690972;44364;0
403016;491;0.625;0.628472;44364;1
403017;55;0.427083;0.4375;44365;1
403018;502;0.333333;0.625;44366;1
403019;38;0.430556;0.434028;44364;1
403020;38;0.46875;0.472222;44364;1
403021;38;0.291667;0.295139;44364;1
403022;289;0.541667;0.5625;44368;1
403023;322;0.333333;0.336806;44364;1
403024;208;0.378472;0.381944;44365;1
403025;208;0.381944;0.385417;44365;1
403026;208;0.385417;0.388889;44365;1
403027;365;0.6875;0.708333;44365;1
403028;55;0.447917;0.458333;44365;1
403029;181;0.541667;0.545139;44364;1
403030;450;0.625;0.628472;44364;1
403031;511;0.291667;0.305556;44378;1
403032;511;0.541667;0.555556;44378;1
403033;511;0.791667;0.805556;44378;1
403034;511;0.291667;0.305556;44379;1
403035;511;0.541667;0.555556;44379;1
403036;269;0.479167;0.5;44370;1
403037;511;0.791667;0.805556;44379;1
403038;511;0.291667;0.305556;44380;1
403039;511;0.541667;0.555556;44380;1
403040;511;0.625;0.631944;44380;1
403041;511;0.291667;0.305556;44382;1
403042;511;0.541667;0.555556;44382;1
403043;511;0.791667;0.805556;44382;1
403044;511;0.791667;0.805556;44383;1
403045;511;0.541667;0.555556;44383;1
403046;511;0.291667;0.305556;44383;1
403047;511;0.291667;0.305556;44384;1
403048;511;0.541667;0.555556;44384;1
403049;511;0.791667;0.805556;44384;1
403050;511;0.791667;0.805556;44385;1
403051;511;0.541667;0.555556;44385;1
403052;511;0.291667;0.305556;44385;1
403053;511;0.291667;0.305556;44386;1
403054;511;0.541667;0.555556;44386;1
403055;511;0.791667;0.805556;44386;1
403056;511;0.291667;0.305556;44387;1
403057;511;0.541667;0.555556;44387;1
403058;511;0.625;0.631944;44387;1
403059;511;0.791667;0.805556;44389;1
403060;511;0.541667;0.555556;44389;1
403061;269;0.402778;0.413194;44364;1
403062;511;0.291667;0.305556;44389;1
403063;269;0.413194;0.416667;44364;1
403064;511;0.291667;0.305556;44390;1
403065;511;0.541667;0.555556;44390;1
403066;511;0.791667;0.805556;44390;1
403067;511;0.791667;0.805556;44391;1
403068;511;0.541667;0.555556;44391;1
403069;511;0.291667;0.305556;44391;1
403070;511;0.291667;0.305556;44392;1
403071;511;0.541667;0.555556;44392;1
403072;511;0.791667;0.805556;44392;1
403074;245;0.725694;0.729167;44363;1
403083;80;0.3125;0.315972;44364;1
403097;414;0.729167;0.746528;44364;1
403100;414;0.746528;0.75;44364;1
403119;300;0.583333;0.597222;44369;1
403120;22;0.722222;0.729167;44363;1
403121;51;0.736111;0.739583;44363;1
403122;45;0.6875;0.690972;44364;1
403123;437;0.520833;0.538194;44364;1
403124;437;0.541667;0.559028;44364;1
403125;511;0.284722;0.291667;44378;1
403126;511;0.368056;0.375;44378;1
403127;511;0.451389;0.458333;44378;1
403128;511;0.534722;0.541667;44378;1
403129;437;0.538194;0.541667;44364;1
403130;437;0.559028;0.5625;44364;1
403131;511;0.618056;0.625;44378;1
403132;511;0.701389;0.708333;44378;1
403133;511;0.784722;0.791667;44378;1
403134;511;0.833333;0.840278;44378;1
403135;511;0.833333;0.840278;44379;1
403136;511;0.784722;0.791667;44379;1
403137;511;0.701389;0.708333;44379;1
403138;208;0.388889;0.392361;44365;1
403139;322;0.375;0.392361;44364;1
403140;208;0.453472;0.454861;44364;1
403141;322;0.395833;0.413194;44364;1
403142;208;0.45625;0.458333;44364;1
403143;511;0.618056;0.625;44379;1
403144;511;0.534722;0.541667;44379;1
403145;354;0.5625;0.565972;44364;1
403146;245;0.6875;0.704861;44364;1
403147;322;0.392361;0.395833;44364;1
403148;322;0.413194;0.416667;44364;1
403149;322;0.434028;0.4375;44364;1
403150;511;0.451389;0.458333;44379;1
403151;181;0.545139;0.548611;44364;1
403152;511;0.368056;0.375;44379;1
403153;511;0.284722;0.291667;44379;1
403154;511;0.284722;0.291667;44380;1
403155;511;0.368056;0.375;44380;1
403156;245;0.708333;0.725694;44364;1
403157;511;0.451389;0.458333;44380;1
403158;511;0.534722;0.541667;44380;1
403159;181;0.548611;0.555556;44364;1
403160;511;0.618056;0.625;44380;1
403161;511;0.284722;0.291667;44382;1
403162;511;0.368056;0.375;44382;1
403163;511;0.451389;0.458333;44382;1
403164;511;0.534722;0.541667;44382;1
403165;511;0.618056;0.625;44382;1
403166;511;0.701389;0.708333;44382;1
403167;181;0.652778;0.666667;44364;1
403168;414;0.6875;0.708333;44364;1
403169;506;0.458333;0.479167;44369;1
403170;511;0.784722;0.791667;44382;1
403171;511;0.833333;0.840278;44382;1
403172;511;0.284722;0.291667;44384;1
403173;511;0.368056;0.375;44384;1
403174;511;0.451389;0.458333;44384;1
403175;511;0.534722;0.541667;44384;1
403176;511;0.833333;0.840278;44383;1
403177;511;0.784722;0.791667;44383;1
403178;511;0.701389;0.708333;44383;1
403179;511;0.618056;0.625;44383;1
403180;511;0.534722;0.541667;44383;1
403181;511;0.451389;0.458333;44383;1
403182;511;0.368056;0.375;44383;1
403183;511;0.284722;0.291667;44383;1
403184;511;0.833333;0.840278;44384;1
403185;457;0.666667;0.670139;44364;1
403186;511;0.784722;0.791667;44384;1
403187;511;0.701389;0.708333;44384;1
403188;511;0.618056;0.625;44384;1
403189;511;0.284722;0.291667;44385;1
403190;511;0.368056;0.375;44385;1
403191;511;0.451389;0.458333;44385;1
403192;511;0.534722;0.541667;44385;1
403193;457;0.708333;0.75;44365;0
403194;511;0.618056;0.625;44385;1
403195;511;0.701389;0.708333;44385;1
403196;511;0.784722;0.791667;44385;1
403197;511;0.833333;0.840278;44385;1
403198;511;0.833333;0.840278;44386;1
403199;511;0.784722;0.791667;44386;1
403200;511;0.701389;0.708333;44386;1
403201;511;0.618056;0.625;44386;1
403202;511;0.534722;0.541667;44386;1
403203;511;0.451389;0.458333;44386;1
403204;511;0.368056;0.375;44386;1
403205;511;0.284722;0.291667;44386;1
403206;511;0.284722;0.291667;44387;1
403207;511;0.368056;0.375;44387;1
403208;511;0.451389;0.458333;44387;1
403209;511;0.534722;0.541667;44387;1
403210;511;0.618056;0.625;44387;1
403211;384;0.708333;0.711806;44364;1
403212;511;0.833333;0.840278;44389;1
403213;511;0.784722;0.791667;44389;1
403214;511;0.701389;0.708333;44389;1
403215;511;0.618056;0.625;44389;1
403216;511;0.534722;0.541667;44389;1
403217;511;0.451389;0.458333;44389;1
403218;511;0.368056;0.375;44389;1
403219;511;0.284722;0.291667;44389;1
403220;511;0.284722;0.291667;44390;1
403221;511;0.368056;0.375;44390;1
403222;511;0.451389;0.458333;44390;1
403223;511;0.534722;0.541667;44390;1
403224;511;0.618056;0.625;44390;1
403225;511;0.701389;0.708333;44390;1
403226;511;0.784722;0.791667;44390;1
403227;511;0.833333;0.840278;44390;1
403228;511;0.833333;0.840278;44391;1
403229;511;0.784722;0.791667;44391;1
403230;511;0.701389;0.708333;44391;1
403231;208;0.458333;0.460417;44364;1
403232;208;0.454861;0.45625;44364;1
403233;208;0.447917;0.449306;44364;1
403234;208;0.461806;0.465278;44364;1
403235;55;0.5;0.503472;44364;1
403236;424;0.375;0.458333;44364;1
403237;337;0.430556;0.451389;44368;1
403238;511;0.618056;0.625;44391;1
403239;511;0.534722;0.541667;44391;1
403240;511;0.451389;0.458333;44391;1
403241;511;0.368056;0.375;44391;1
403242;511;0.284722;0.291667;44391;1
403243;511;0.284722;0.291667;44392;1
403244;511;0.368056;0.375;44392;1
403245;511;0.451389;0.458333;44392;1
403246;511;0.534722;0.541667;44392;1
403247;511;0.618056;0.625;44392;1
403248;511;0.701389;0.708333;44392;1
403249;480;0.625;0.628472;44364;1
403250;511;0.784722;0.791667;44392;1
403251;511;0.833333;0.840278;44392;1
403260;337;0.451389;0.472222;44368;1
403261;437;0.5;0.503472;44364;1
403268;269;0.583333;0.590278;44365;1
403269;365;0.333333;0.354167;44364;1
403270;365;0.371528;0.375;44364;1
403271;475;0.46875;0.583333;44364;1
403272;488;0.6875;0.690972;44364;1
403273;269;0.5;0.517361;44365;1
403299;245;0.729167;0.746528;44368;1
403300;245;0.708333;0.725694;44369;1
403301;245;0.729167;0.746528;44370;1
403302;245;0.729167;0.746528;44371;1
403303;245;0.708333;0.725694;44372;1
403310;404;0.354167;0.371528;44365;1
403316;11;0.6875;0.694444;44375;1
403326;181;0.611111;0.625;44371;1
403351;195;0.75;0.767361;44377;1
403373;501;0.770833;0.833333;44363;1
403374;495;0.454861;0.458333;44366;1
403375;245;0.770833;0.833333;44363;1
403376;181;0.569444;0.583333;44368;1
403377;38;0.416667;0.430556;44367;1
403378;306;0.416667;0.4375;44364;1
403379;38;0.482639;0.486111;44364;1
403380;45;0.708333;0.729167;44371;1
403381;461;0.708333;0.711806;44364;0
403382;306;0.375;0.416667;44364;1
403383;61;0.458333;0.479167;44374;1
403384;145;0.458333;0.479167;44374;1
403385;269;0.291667;0.295139;44364;1
403386;245;0.704861;0.708333;44364;1
403387;11;0.6875;0.694444;44371;1
403388;472;0.5;0.625;44364;0
403389;55;0.416667;0.427083;44365;1
403390;513;0.583333;0.586806;44364;1
403391;461;0.708333;0.833333;44369;1
403392;482;0.336806;0.340278;44364;1
403393;47;0.666667;0.670139;44364;1
403394;354;0.541667;0.545139;44364;1
403395;92;0.708333;0.711806;44364;1
403396;333;0.75;0.767361;44364;1
403397;333;0.746528;0.75;44364;1
403398;365;0.416667;0.4375;44370;1
403399;365;0.4375;0.458333;44370;1
403400;365;0.5;0.520833;44364;1
403401;365;0.333333;0.354167;44369;1
403402;55;0.552083;0.559028;44364;1
403403;365;0.458333;0.479167;44371;1
403404;289;0.479167;0.5;44371;1
403405;437;0.5;0.520833;44371;1
403406;208;0.350694;0.357639;44366;1
403407;300;0.694444;0.704861;44364;1
403408;45;0.729167;0.75;44371;1
403409;11;0.708333;0.71875;44371;1
403410;322;0.5;0.541667;44364;1
403411;55;0.375;0.385417;44365;1
403412;365;0.520833;0.541667;44364;1
403413;455;0.416667;0.434028;44368;1
403414;61;0.4375;0.458333;44374;1
403415;365;0.666667;0.684028;44365;1
403416;432;0.472222;0.625;44365;1
403417;384;0.791667;0.8125;44364;1
403418;322;0.729167;0.75;44369;1
403419;208;0.447917;0.458333;44375;1
403420;389;0.458333;0.468056;44375;1
403421;420;0.5;0.509722;44375;1
403422;38;0.333333;0.347222;44365;1
403423;432;0.416667;0.625;44370;1
403424;432;0.416667;0.625;44372;1
403425;432;0.416667;0.625;44377;1
403426;322;0.729167;0.75;44365;1
403427;269;0.458333;0.46875;44365;1
403428;245;0.458333;0.478472;44365;1
403429;389;0.472222;0.541667;44375;1
403430;11;0.697917;0.708333;44371;1
403431;269;0.597222;0.607639;44365;1
403432;195;0.6875;0.708333;44370;1
403433;322;0.4375;0.447917;44364;1
403434;208;0.496528;0.5;44364;1
403435;208;0.493056;0.496528;44364;0
403436;38;0.486111;0.5;44364;1
403437;54;0.541667;0.555556;44364;1
403438;354;0.565972;0.583333;44364;1
403439;289;0.583333;0.600694;44364;1
403440;354;0.583333;0.59375;44365;1
403441;289;0.59375;0.604167;44365;1
403442;208;0.392361;0.402778;44365;0
403443;457;0.666667;0.697917;44365;1
403444;208;0.493056;0.496528;44364;1
403445;300;0.583333;0.604167;44370;1
403446;55;0.576389;0.583333;44364;1
403447;354;0.552083;0.5625;44364;1
403448;354;0.625;0.75;44370;1
403449;289;0.572917;0.583333;44364;1
403450;354;0.479167;0.604167;44368;1
403451;54;0.541667;0.559028;44369;1
403452;269;0.527778;0.538194;44365;1
403453;38;0.361111;0.375;44369;1
403454;414;0.6875;0.708333;44369;1
403455;38;0.375;0.388889;44369;1
403456;414;0.708333;0.729167;44369;1
403457;245;0.4375;0.458333;44368;1
403458;245;0.395833;0.413194;44369;1
403459;245;0.395833;0.413194;44370;1
403460;394;0.8125;0.833333;44370;1
403461;55;0.506944;0.510417;44364;1
403462;269;0.458333;0.472222;44364;1
403463;365;0.333333;0.354167;44366;1
403464;24;0.6875;0.697917;44368;1
403465;269;0.541667;0.552083;44365;1
403466;464;0.4375;0.458333;44364;1
403467;432;0.430556;0.458333;44365;1
403468;269;0.388889;0.430556;44369;1
403469;306;0.4375;0.541667;44364;1
403470;47;0.6875;0.708333;44369;1
403471;354;0.604167;0.625;44365;1
403472;300;0.8125;0.833333;44364;1
403473;208;0.392361;0.395833;44365;1
403474;208;0.486111;0.489583;44364;1
403475;269;0.472222;0.489583;44365;1
403476;245;0.729167;0.767361;44364;1
403477;61;0.479167;0.5;44374;1
403478;269;0.416667;0.430556;44370;1
403479;322;0.354167;0.375;44365;1
403480;269;0.385417;0.388889;44365;1
403481;333;0.708333;0.729167;44364;1
403482;269;0.413194;0.415972;44365;1
403483;208;0.395833;0.402778;44365;1
403484;269;0.46875;0.472222;44365;1
403485;269;0.489583;0.493056;44365;1
403486;269;0.517361;0.520833;44365;1
403487;269;0.538194;0.540972;44365;1
403488;269;0.552083;0.555556;44365;1
403489;269;0.590278;0.59375;44365;1
403490;269;0.607639;0.611111;44365;1
403491;55;0.541667;0.545139;44364;1
403492;289;0.5;0.520833;44364;1
403493;173;0.746528;0.75;44365;1
403494;92;0.708333;0.729167;44371;1
403495;173;0.767361;0.770833;44365;1
403496;92;0.729167;0.75;44371;1
403497;173;0.788194;0.790972;44365;1
403498;55;0.385417;0.395833;44365;1
403499;173;0.725694;0.729167;44365;1
403500;289;0.375;0.395833;44368;1
403501;208;0.402778;0.40625;44365;1
403502;300;0.458333;0.478472;44368;1
403503;404;0.371528;0.375;44365;1
